id,fullname,email,phone,department,username,verification_status,created_at
1,"Dr. Diya Nair",doc100@medconnect.local,0700000100,Gynecology,doc100,approved,"2026-10-01 08:32:26"
2,"Dr. Isabella Carter",doc10@medconnect.local,0700000010,Pulmonology,doc10,approved,"2026-10-01 08:32:26"
3,"Dr. Thomas Evans",doc20@medconnect.local,0700000020,Pediatrics,doc20,approved,"2026-10-01 08:32:26"
4,"Dr. Fatima Khan",doc30@medconnect.local,0700000030,Ophthalmology,doc30,approved,"2026-10-01 08:32:26"
5,"Dr. Olivia Martin",doc40@medconnect.local,0700000040,Gynecology,doc40,approved,"2026-10-01 08:32:26"
6,"Dr. Ananya Sharma",doc50@medconnect.local,0700000050,Dermatology,doc50,approved,"2026-10-01 08:32:26"
7,"Dr. Kavya Reddy",doc60@medconnect.local,0700000060,ENT,doc60,approved,"2026-10-01 08:32:26"
8,"Dr. Vikram Rao",doc70@medconnect.local,0700000070,Pulmonology,doc70,approved,"2026-10-01 08:32:26"
9,"Dr. Hannah Brooks",doc80@medconnect.local,0700000080,Pediatrics,doc80,approved,"2026-10-01 08:32:26"
10,"Dr. Rahul Verma",doc90@medconnect.local,0700000090,Ophthalmology,doc90,approved,"2026-10-01 08:32:26"
11,"Dr. Aarav Mehta",doc1@medconnect.local,0700000001,Cardiology,doc1,approved,"2026-10-01 08:32:26"
12,"Dr. Ethan Wilson",doc101@medconnect.local,0700000101,Neurology,doc101,approved,"2026-10-01 08:32:26"
13,"Dr. James Anderson",doc11@medconnect.local,0700000011,Dentistry,doc11,approved,"2026-10-01 08:32:26"
14,"Dr. Uma Iyer",doc21@medconnect.local,0700000021,Psychiatry,doc21,approved,"2026-10-01 08:32:26"
15,"Dr. Grace Mitchell",doc31@medconnect.local,0700000031,Orthopedics,doc31,approved,"2026-10-01 08:32:26"
16,"Dr. Priya Kapoor",doc41@medconnect.local,0700000041,Neurology,doc41,approved,"2026-10-01 08:32:26"
17,"Dr. Arjun Patel",doc51@medconnect.local,0700000051,"General Medicine",doc51,approved,"2026-10-01 08:32:26"
18,"Dr. Liam Thompson",doc61@medconnect.local,0700000061,Cardiology,doc61,approved,"2026-10-01 08:32:26"
19,"Dr. William Taylor",doc71@medconnect.local,0700000071,Dentistry,doc71,approved,"2026-10-01 08:32:26"
20,"Dr. Ibrahim Ali",doc81@medconnect.local,0700000081,Psychiatry,doc81,approved,"2026-10-01 08:32:26"
21,"Dr. Sophia Davis",doc91@medconnect.local,0700000091,Orthopedics,doc91,approved,"2026-10-01 08:32:26"
22,"Dr. Ananya Sharma",doc2@medconnect.local,0700000002,Dermatology,doc2,approved,"2026-10-01 08:32:26"
23,"Dr. Fatima Khan",doc102@medconnect.local,0700000102,Ophthalmology,doc102,approved,"2026-10-01 08:32:26"
24,"Dr. Kavya Reddy",doc12@medconnect.local,0700000012,ENT,doc12,approved,"2026-10-01 08:32:26"
25,"Dr. Vikram Rao",doc22@medconnect.local,0700000022,Pulmonology,doc22,approved,"2026-10-01 08:32:26"
26,"Dr. Hannah Brooks",doc32@medconnect.local,0700000032,Pediatrics,doc32,approved,"2026-10-01 08:32:26"
27,"Dr. Rahul Verma",doc42@medconnect.local,0700000042,Ophthalmology,doc42,approved,"2026-10-01 08:32:26"
28,"Dr. Diya Nair",doc52@medconnect.local,0700000052,Gynecology,doc52,approved,"2026-10-01 08:32:26"
29,"Dr. Maya Johnson",doc62@medconnect.local,0700000062,Dermatology,doc62,approved,"2026-10-01 08:32:26"
30,"Dr. Zoya Hussain",doc72@medconnect.local,0700000072,ENT,doc72,approved,"2026-10-01 08:32:26"
31,"Dr. Isabella Carter",doc82@medconnect.local,0700000082,Pulmonology,doc82,approved,"2026-10-01 08:32:26"
32,"Dr. Thomas Evans",doc92@medconnect.local,0700000092,Pediatrics,doc92,approved,"2026-10-01 08:32:26"
33,"Dr. Arjun Patel",doc3@medconnect.local,0700000003,"General Medicine",doc3,approved,"2026-10-01 08:32:26"
34,"Dr. Liam Thompson",doc13@medconnect.local,0700000013,Cardiology,doc13,approved,"2026-10-01 08:32:26"
35,"Dr. William Taylor",doc23@medconnect.local,0700000023,Dentistry,doc23,approved,"2026-10-01 08:32:26"
36,"Dr. Ibrahim Ali",doc33@medconnect.local,0700000033,Psychiatry,doc33,approved,"2026-10-01 08:32:26"
37,"Dr. Sophia Davis",doc43@medconnect.local,0700000043,Orthopedics,doc43,approved,"2026-10-01 08:32:26"
38,"Dr. Ethan Wilson",doc53@medconnect.local,0700000053,Neurology,doc53,approved,"2026-10-01 08:32:26"
39,"Dr. Noah Williams",doc63@medconnect.local,0700000063,"General Medicine",doc63,approved,"2026-10-01 08:32:26"
40,"Dr. Aarav Mehta",doc73@medconnect.local,0700000073,Cardiology,doc73,approved,"2026-10-01 08:32:26"
41,"Dr. James Anderson",doc83@medconnect.local,0700000083,Dentistry,doc83,approved,"2026-10-01 08:32:26"
42,"Dr. Uma Iyer",doc93@medconnect.local,0700000093,Psychiatry,doc93,approved,"2026-10-01 08:32:26"
43,"Dr. Diya Nair",doc4@medconnect.local,0700000004,Gynecology,doc4,approved,"2026-10-01 08:32:26"
44,"Dr. Maya Johnson",doc14@medconnect.local,0700000014,Dermatology,doc14,approved,"2026-10-01 08:32:26"
45,"Dr. Zoya Hussain",doc24@medconnect.local,0700000024,ENT,doc24,approved,"2026-10-01 08:32:26"
46,"Dr. Isabella Carter",doc34@medconnect.local,0700000034,Pulmonology,doc34,approved,"2026-10-01 08:32:26"
47,"Dr. Thomas Evans",doc44@medconnect.local,0700000044,Pediatrics,doc44,approved,"2026-10-01 08:32:26"
48,"Dr. Fatima Khan",doc54@medconnect.local,0700000054,Ophthalmology,doc54,approved,"2026-10-01 08:32:26"
49,"Dr. Olivia Martin",doc64@medconnect.local,0700000064,Gynecology,doc64,approved,"2026-10-01 08:32:26"
50,"Dr. Ananya Sharma",doc74@medconnect.local,0700000074,Dermatology,doc74,approved,"2026-10-01 08:32:26"
51,"Dr. Kavya Reddy",doc84@medconnect.local,0700000084,ENT,doc84,approved,"2026-10-01 08:32:26"
52,"Dr. Vikram Rao",doc94@medconnect.local,0700000094,Pulmonology,doc94,approved,"2026-10-01 08:32:26"
53,"Dr. Ethan Wilson",doc5@medconnect.local,0700000005,Neurology,doc5,approved,"2026-10-01 08:32:26"
54,"Dr. Noah Williams",doc15@medconnect.local,0700000015,"General Medicine",doc15,approved,"2026-10-01 08:32:26"
55,"Dr. Aarav Mehta",doc25@medconnect.local,0700000025,Cardiology,doc25,approved,"2026-10-01 08:32:26"
56,"Dr. James Anderson",doc35@medconnect.local,0700000035,Dentistry,doc35,approved,"2026-10-01 08:32:26"
57,"Dr. Uma Iyer",doc45@medconnect.local,0700000045,Psychiatry,doc45,approved,"2026-10-01 08:32:26"
58,"Dr. Grace Mitchell",doc55@medconnect.local,0700000055,Orthopedics,doc55,approved,"2026-10-01 08:32:26"
59,"Dr. Priya Kapoor",doc65@medconnect.local,0700000065,Neurology,doc65,approved,"2026-10-01 08:32:26"
60,"Dr. Arjun Patel",doc75@medconnect.local,0700000075,"General Medicine",doc75,approved,"2026-10-01 08:32:26"
61,"Dr. Liam Thompson",doc85@medconnect.local,0700000085,Cardiology,doc85,approved,"2026-10-01 08:32:26"
62,"Dr. William Taylor",doc95@medconnect.local,0700000095,Dentistry,doc95,approved,"2026-10-01 08:32:26"
63,"Dr. Fatima Khan",doc6@medconnect.local,0700000006,Ophthalmology,doc6,approved,"2026-10-01 08:32:26"
64,"Dr. Olivia Martin",doc16@medconnect.local,0700000016,Gynecology,doc16,approved,"2026-10-01 08:32:26"
65,"Dr. Ananya Sharma",doc26@medconnect.local,0700000026,Dermatology,doc26,approved,"2026-10-01 08:32:26"
66,"Dr. Kavya Reddy",doc36@medconnect.local,0700000036,ENT,doc36,approved,"2026-10-01 08:32:26"
67,"Dr. Vikram Rao",doc46@medconnect.local,0700000046,Pulmonology,doc46,approved,"2026-10-01 08:32:26"
68,"Dr. Hannah Brooks",doc56@medconnect.local,0700000056,Pediatrics,doc56,approved,"2026-10-01 08:32:26"
69,"Dr. Rahul Verma",doc66@medconnect.local,0700000066,Ophthalmology,doc66,approved,"2026-10-01 08:32:26"
70,"Dr. Diya Nair",doc76@medconnect.local,0700000076,Gynecology,doc76,approved,"2026-10-01 08:32:26"
71,"Dr. Maya Johnson",doc86@medconnect.local,0700000086,Dermatology,doc86,approved,"2026-10-01 08:32:26"
72,"Dr. Zoya Hussain",doc96@medconnect.local,0700000096,ENT,doc96,approved,"2026-10-01 08:32:26"
73,"Dr. Grace Mitchell",doc7@medconnect.local,0700000007,Orthopedics,doc7,approved,"2026-10-01 08:32:26"
74,"Dr. Priya Kapoor",doc17@medconnect.local,0700000017,Neurology,doc17,approved,"2026-10-01 08:32:26"
75,"Dr. Arjun Patel",doc27@medconnect.local,0700000027,"General Medicine",doc27,approved,"2026-10-01 08:32:26"
76,"Dr. Liam Thompson",doc37@medconnect.local,0700000037,Cardiology,doc37,approved,"2026-10-01 08:32:26"
77,"Dr. William Taylor",doc47@medconnect.local,0700000047,Dentistry,doc47,approved,"2026-10-01 08:32:26"
78,"Dr. Ibrahim Ali",doc57@medconnect.local,0700000057,Psychiatry,doc57,approved,"2026-10-01 08:32:26"
79,"Dr. Sophia Davis",doc67@medconnect.local,0700000067,Orthopedics,doc67,approved,"2026-10-01 08:32:26"
80,"Dr. Ethan Wilson",doc77@medconnect.local,0700000077,Neurology,doc77,approved,"2026-10-01 08:32:26"
81,"Dr. Noah Williams",doc87@medconnect.local,0700000087,"General Medicine",doc87,approved,"2026-10-01 08:32:26"
82,"Dr. Aarav Mehta",doc97@medconnect.local,0700000097,Cardiology,doc97,approved,"2026-10-01 08:32:26"
83,"Dr. Hannah Brooks",doc8@medconnect.local,0700000008,Pediatrics,doc8,approved,"2026-10-01 08:32:26"
84,"Dr. Rahul Verma",doc18@medconnect.local,0700000018,Ophthalmology,doc18,approved,"2026-10-01 08:32:26"
85,"Dr. Diya Nair",doc28@medconnect.local,0700000028,Gynecology,doc28,approved,"2026-10-01 08:32:26"
86,"Dr. Maya Johnson",doc38@medconnect.local,0700000038,Dermatology,doc38,approved,"2026-10-01 08:32:26"
87,"Dr. Zoya Hussain",doc48@medconnect.local,0700000048,ENT,doc48,approved,"2026-10-01 08:32:26"
88,"Dr. Isabella Carter",doc58@medconnect.local,0700000058,Pulmonology,doc58,approved,"2026-10-01 08:32:26"
89,"Dr. Thomas Evans",doc68@medconnect.local,0700000068,Pediatrics,doc68,approved,"2026-10-01 08:32:26"
90,"Dr. Fatima Khan",doc78@medconnect.local,0700000078,Ophthalmology,doc78,approved,"2026-10-01 08:32:26"
91,"Dr. Olivia Martin",doc88@medconnect.local,0700000088,Gynecology,doc88,approved,"2026-10-01 08:32:26"
92,"Dr. Ananya Sharma",doc98@medconnect.local,0700000098,Dermatology,doc98,approved,"2026-10-01 08:32:26"
93,"Dr. Ibrahim Ali",doc9@medconnect.local,0700000009,Psychiatry,doc9,approved,"2026-10-01 08:32:26"
94,"Dr. Sophia Davis",doc19@medconnect.local,0700000019,Orthopedics,doc19,approved,"2026-10-01 08:32:26"
95,"Dr. Ethan Wilson",doc29@medconnect.local,0700000029,Neurology,doc29,approved,"2026-10-01 08:32:26"
96,"Dr. Noah Williams",doc39@medconnect.local,0700000039,"General Medicine",doc39,approved,"2026-10-01 08:32:26"
97,"Dr. Aarav Mehta",doc49@medconnect.local,0700000049,Cardiology,doc49,approved,"2026-10-01 08:32:26"
98,"Dr. James Anderson",doc59@medconnect.local,0700000059,Dentistry,doc59,approved,"2026-10-01 08:32:26"
99,"Dr. Uma Iyer",doc69@medconnect.local,0700000069,Psychiatry,doc69,approved,"2026-10-01 08:32:26"
100,"Dr. Grace Mitchell",doc79@medconnect.local,0700000079,Orthopedics,doc79,approved,"2026-10-01 08:32:26"
101,"Dr. Priya Kapoor",doc89@medconnect.local,0700000089,Neurology,doc89,approved,"2026-10-01 08:32:26"
102,"Dr. Arjun Patel",doc99@medconnect.local,0700000099,"General Medicine",doc99,approved,"2026-10-01 08:32:26"
