id,fullname,email,phone,age,username,doctor_id,created_at
1,"Daniel Wilson",pat100@medconnect.local,0710000100,65,pat100,1,"2026-10-01 08:32:26"
2,"Julia Brown",pat10@medconnect.local,0710000010,28,pat10,2,"2026-10-01 08:32:26"
3,"Tara Williams",pat20@medconnect.local,0710000020,38,pat20,3,"2026-10-01 08:32:26"
4,"Farhan Ahmed",pat30@medconnect.local,0710000030,48,pat30,4,"2026-10-01 08:32:26"
5,"Pooja Menon",pat40@medconnect.local,0710000040,58,pat40,5,"2026-10-01 08:32:26"
6,"Ben Carter",pat50@medconnect.local,0710000050,68,pat50,6,"2026-10-01 08:32:26"
7,"Leah Davis",pat60@medconnect.local,0710000060,25,pat60,7,"2026-10-01 08:32:26"
8,"Valentina Rossi",pat70@medconnect.local,0710000070,35,pat70,8,"2026-10-01 08:32:26"
9,"Harper Smith",pat80@medconnect.local,0710000080,45,pat80,9,"2026-10-01 08:32:26"
10,"Riya Desai",pat90@medconnect.local,0710000090,55,pat90,10,"2026-10-01 08:32:26"
11,"Aisha Khan",pat1@medconnect.local,0710000001,19,pat1,11,"2026-10-01 08:32:26"
12,"Elena Garcia",pat101@medconnect.local,0710000101,66,pat101,12,"2026-10-01 08:32:26"
13,"Kabir Singh",pat11@medconnect.local,0710000011,29,pat11,13,"2026-10-01 08:32:26"
14,"Usman Malik",pat21@medconnect.local,0710000021,39,pat21,14,"2026-10-01 08:32:26"
15,"Grace Lee",pat31@medconnect.local,0710000031,49,pat31,15,"2026-10-01 08:32:26"
16,"Quinn Taylor",pat41@medconnect.local,0710000041,59,pat41,16,"2026-10-01 08:32:26"
17,"Chloe Martin",pat51@medconnect.local,0710000051,69,pat51,17,"2026-10-01 08:32:26"
18,"Mateo Rodriguez",pat61@medconnect.local,0710000061,26,pat61,18,"2026-10-01 08:32:26"
19,"William Moore",pat71@medconnect.local,0710000071,36,pat71,19,"2026-10-01 08:32:26"
20,"Ishaan Gupta",pat81@medconnect.local,0710000081,46,pat81,20,"2026-10-01 08:32:26"
21,"Samuel Johnson",pat91@medconnect.local,0710000091,56,pat91,21,"2026-10-01 08:32:26"
22,"Ben Carter",pat2@medconnect.local,0710000002,20,pat2,22,"2026-10-01 08:32:26"
23,"Farhan Ahmed",pat102@medconnect.local,0710000102,67,pat102,23,"2026-10-01 08:32:26"
24,"Leah Davis",pat12@medconnect.local,0710000012,30,pat12,24,"2026-10-01 08:32:26"
25,"Valentina Rossi",pat22@medconnect.local,0710000022,40,pat22,25,"2026-10-01 08:32:26"
26,"Harper Smith",pat32@medconnect.local,0710000032,50,pat32,26,"2026-10-01 08:32:26"
27,"Riya Desai",pat42@medconnect.local,0710000042,60,pat42,27,"2026-10-01 08:32:26"
28,"Daniel Wilson",pat52@medconnect.local,0710000052,70,pat52,28,"2026-10-01 08:32:26"
29,"Nisha Patel",pat62@medconnect.local,0710000062,27,pat62,29,"2026-10-01 08:32:26"
30,"Yasmin Ali",pat72@medconnect.local,0710000072,37,pat72,30,"2026-10-01 08:32:26"
31,"Julia Brown",pat82@medconnect.local,0710000082,47,pat82,31,"2026-10-01 08:32:26"
32,"Tara Williams",pat92@medconnect.local,0710000092,57,pat92,32,"2026-10-01 08:32:26"
33,"Chloe Martin",pat3@medconnect.local,0710000003,21,pat3,33,"2026-10-01 08:32:26"
34,"Grace Lee",pat103@medconnect.local,0710000103,68,pat103,34,"2026-10-01 08:32:26"
35,"Mateo Rodriguez",pat13@medconnect.local,0710000013,31,pat13,35,"2026-10-01 08:32:26"
36,"William Moore",pat23@medconnect.local,0710000023,41,pat23,36,"2026-10-01 08:32:26"
37,"Ishaan Gupta",pat33@medconnect.local,0710000033,51,pat33,37,"2026-10-01 08:32:26"
38,"Samuel Johnson",pat43@medconnect.local,0710000043,61,pat43,38,"2026-10-01 08:32:26"
39,"Elena Garcia",pat53@medconnect.local,0710000053,18,pat53,39,"2026-10-01 08:32:26"
40,"Oliver Clark",pat63@medconnect.local,0710000063,28,pat63,40,"2026-10-01 08:32:26"
41,"Aisha Khan",pat73@medconnect.local,0710000073,38,pat73,41,"2026-10-01 08:32:26"
42,"Kabir Singh",pat83@medconnect.local,0710000083,48,pat83,42,"2026-10-01 08:32:26"
43,"Usman Malik",pat93@medconnect.local,0710000093,58,pat93,43,"2026-10-01 08:32:26"
44,"Daniel Wilson",pat4@medconnect.local,0710000004,22,pat4,44,"2026-10-01 08:32:26"
45,"Nisha Patel",pat14@medconnect.local,0710000014,32,pat14,45,"2026-10-01 08:32:26"
46,"Yasmin Ali",pat24@medconnect.local,0710000024,42,pat24,46,"2026-10-01 08:32:26"
47,"Julia Brown",pat34@medconnect.local,0710000034,52,pat34,47,"2026-10-01 08:32:26"
48,"Tara Williams",pat44@medconnect.local,0710000044,62,pat44,48,"2026-10-01 08:32:26"
49,"Farhan Ahmed",pat54@medconnect.local,0710000054,19,pat54,49,"2026-10-01 08:32:26"
50,"Pooja Menon",pat64@medconnect.local,0710000064,29,pat64,50,"2026-10-01 08:32:26"
51,"Ben Carter",pat74@medconnect.local,0710000074,39,pat74,51,"2026-10-01 08:32:26"
52,"Leah Davis",pat84@medconnect.local,0710000084,49,pat84,52,"2026-10-01 08:32:26"
53,"Valentina Rossi",pat94@medconnect.local,0710000094,59,pat94,53,"2026-10-01 08:32:26"
54,"Elena Garcia",pat5@medconnect.local,0710000005,23,pat5,54,"2026-10-01 08:32:26"
55,"Oliver Clark",pat15@medconnect.local,0710000015,33,pat15,55,"2026-10-01 08:32:26"
56,"Aisha Khan",pat25@medconnect.local,0710000025,43,pat25,56,"2026-10-01 08:32:26"
57,"Kabir Singh",pat35@medconnect.local,0710000035,53,pat35,57,"2026-10-01 08:32:26"
58,"Usman Malik",pat45@medconnect.local,0710000045,63,pat45,58,"2026-10-01 08:32:26"
59,"Grace Lee",pat55@medconnect.local,0710000055,20,pat55,59,"2026-10-01 08:32:26"
60,"Quinn Taylor",pat65@medconnect.local,0710000065,30,pat65,60,"2026-10-01 08:32:26"
61,"Chloe Martin",pat75@medconnect.local,0710000075,40,pat75,61,"2026-10-01 08:32:26"
62,"Mateo Rodriguez",pat85@medconnect.local,0710000085,50,pat85,62,"2026-10-01 08:32:26"
63,"William Moore",pat95@medconnect.local,0710000095,60,pat95,63,"2026-10-01 08:32:26"
64,"Farhan Ahmed",pat6@medconnect.local,0710000006,24,pat6,64,"2026-10-01 08:32:26"
65,"Pooja Menon",pat16@medconnect.local,0710000016,34,pat16,65,"2026-10-01 08:32:26"
66,"Ben Carter",pat26@medconnect.local,0710000026,44,pat26,66,"2026-10-01 08:32:26"
67,"Leah Davis",pat36@medconnect.local,0710000036,54,pat36,67,"2026-10-01 08:32:26"
68,"Valentina Rossi",pat46@medconnect.local,0710000046,64,pat46,68,"2026-10-01 08:32:26"
69,"Harper Smith",pat56@medconnect.local,0710000056,21,pat56,69,"2026-10-01 08:32:26"
70,"Riya Desai",pat66@medconnect.local,0710000066,31,pat66,70,"2026-10-01 08:32:26"
71,"Daniel Wilson",pat76@medconnect.local,0710000076,41,pat76,71,"2026-10-01 08:32:26"
72,"Nisha Patel",pat86@medconnect.local,0710000086,51,pat86,72,"2026-10-01 08:32:26"
73,"Yasmin Ali",pat96@medconnect.local,0710000096,61,pat96,73,"2026-10-01 08:32:26"
74,"Grace Lee",pat7@medconnect.local,0710000007,25,pat7,74,"2026-10-01 08:32:26"
75,"Quinn Taylor",pat17@medconnect.local,0710000017,35,pat17,75,"2026-10-01 08:32:26"
76,"Chloe Martin",pat27@medconnect.local,0710000027,45,pat27,76,"2026-10-01 08:32:26"
77,"Mateo Rodriguez",pat37@medconnect.local,0710000037,55,pat37,77,"2026-10-01 08:32:26"
78,"William Moore",pat47@medconnect.local,0710000047,65,pat47,78,"2026-10-01 08:32:26"
79,"Ishaan Gupta",pat57@medconnect.local,0710000057,22,pat57,79,"2026-10-01 08:32:26"
80,"Samuel Johnson",pat67@medconnect.local,0710000067,32,pat67,80,"2026-10-01 08:32:26"
81,"Elena Garcia",pat77@medconnect.local,0710000077,42,pat77,81,"2026-10-01 08:32:26"
82,"Oliver Clark",pat87@medconnect.local,0710000087,52,pat87,82,"2026-10-01 08:32:26"
83,"Aisha Khan",pat97@medconnect.local,0710000097,62,pat97,83,"2026-10-01 08:32:26"
84,"Harper Smith",pat8@medconnect.local,0710000008,26,pat8,84,"2026-10-01 08:32:26"
85,"Riya Desai",pat18@medconnect.local,0710000018,36,pat18,85,"2026-10-01 08:32:26"
86,"Daniel Wilson",pat28@medconnect.local,0710000028,46,pat28,86,"2026-10-01 08:32:26"
87,"Nisha Patel",pat38@medconnect.local,0710000038,56,pat38,87,"2026-10-01 08:32:26"
88,"Yasmin Ali",pat48@medconnect.local,0710000048,66,pat48,88,"2026-10-01 08:32:26"
89,"Julia Brown",pat58@medconnect.local,0710000058,23,pat58,89,"2026-10-01 08:32:26"
90,"Tara Williams",pat68@medconnect.local,0710000068,33,pat68,90,"2026-10-01 08:32:26"
91,"Farhan Ahmed",pat78@medconnect.local,0710000078,43,pat78,91,"2026-10-01 08:32:26"
92,"Pooja Menon",pat88@medconnect.local,0710000088,53,pat88,92,"2026-10-01 08:32:26"
93,"Ben Carter",pat98@medconnect.local,0710000098,63,pat98,93,"2026-10-01 08:32:26"
94,"Ishaan Gupta",pat9@medconnect.local,0710000009,27,pat9,94,"2026-10-01 08:32:26"
95,"Samuel Johnson",pat19@medconnect.local,0710000019,37,pat19,95,"2026-10-01 08:32:26"
96,"Elena Garcia",pat29@medconnect.local,0710000029,47,pat29,96,"2026-10-01 08:32:26"
97,"Oliver Clark",pat39@medconnect.local,0710000039,57,pat39,97,"2026-10-01 08:32:26"
98,"Aisha Khan",pat49@medconnect.local,0710000049,67,pat49,98,"2026-10-01 08:32:26"
99,"Kabir Singh",pat59@medconnect.local,0710000059,24,pat59,99,"2026-10-01 08:32:26"
100,"Usman Malik",pat69@medconnect.local,0710000069,34,pat69,100,"2026-10-01 08:32:26"
101,"Grace Lee",pat79@medconnect.local,0710000079,44,pat79,101,"2026-10-01 08:32:26"
102,"Quinn Taylor",pat89@medconnect.local,0710000089,54,pat89,102,"2026-10-01 08:32:26"
103,"Chloe Martin",pat99@medconnect.local,0710000099,64,pat99,1,"2026-10-01 08:32:26"
129,"Ishaan Gupta",pat1000@medconnect.local,0710001000,64,pat1000,2,"2026-10-01 08:40:07"
130,"Mateo Rodriguez",pat1100@medconnect.local,0710001100,58,pat1100,3,"2026-10-01 08:40:07"
131,"Aisha Khan",pat200@medconnect.local,0710000200,59,pat200,4,"2026-10-01 08:40:07"
132,"Elena Garcia",pat300@medconnect.local,0710000300,53,pat300,5,"2026-10-01 08:40:07"
133,"Ishaan Gupta",pat400@medconnect.local,0710000400,47,pat400,6,"2026-10-01 08:40:07"
134,"Mateo Rodriguez",pat500@medconnect.local,0710000500,41,pat500,7,"2026-10-01 08:40:07"
135,"Quinn Taylor",pat600@medconnect.local,0710000600,35,pat600,8,"2026-10-01 08:40:07"
136,"Usman Malik",pat700@medconnect.local,0710000700,29,pat700,9,"2026-10-01 08:40:07"
137,"Aisha Khan",pat800@medconnect.local,0710000800,23,pat800,10,"2026-10-01 08:40:07"
138,"Elena Garcia",pat900@medconnect.local,0710000900,70,pat900,11,"2026-10-01 08:40:07"
139,"Samuel Johnson",pat1010@medconnect.local,0710001010,21,pat1010,12,"2026-10-01 08:40:07"
140,"Grace Lee",pat110@medconnect.local,0710000110,22,pat110,13,"2026-10-01 08:40:07"
141,"Kabir Singh",pat210@medconnect.local,0710000210,69,pat210,14,"2026-10-01 08:40:07"
142,"Oliver Clark",pat310@medconnect.local,0710000310,63,pat310,15,"2026-10-01 08:40:07"
143,"Samuel Johnson",pat410@medconnect.local,0710000410,57,pat410,16,"2026-10-01 08:40:07"
144,"William Moore",pat510@medconnect.local,0710000510,51,pat510,17,"2026-10-01 08:40:07"
145,"Chloe Martin",pat610@medconnect.local,0710000610,45,pat610,18,"2026-10-01 08:40:07"
146,"Grace Lee",pat710@medconnect.local,0710000710,39,pat710,19,"2026-10-01 08:40:07"
147,"Kabir Singh",pat810@medconnect.local,0710000810,33,pat810,20,"2026-10-01 08:40:07"
148,"Oliver Clark",pat910@medconnect.local,0710000910,27,pat910,21,"2026-10-01 08:40:07"
149,"Elena Garcia",pat1020@medconnect.local,0710001020,31,pat1020,22,"2026-10-01 08:40:07"
150,"Quinn Taylor",pat120@medconnect.local,0710000120,32,pat120,23,"2026-10-01 08:40:07"
151,"Usman Malik",pat220@medconnect.local,0710000220,26,pat220,24,"2026-10-01 08:40:07"
152,"Aisha Khan",pat320@medconnect.local,0710000320,20,pat320,25,"2026-10-01 08:40:07"
153,"Elena Garcia",pat420@medconnect.local,0710000420,67,pat420,26,"2026-10-01 08:40:07"
154,"Ishaan Gupta",pat520@medconnect.local,0710000520,61,pat520,27,"2026-10-01 08:40:07"
155,"Mateo Rodriguez",pat620@medconnect.local,0710000620,55,pat620,28,"2026-10-01 08:40:07"
156,"Quinn Taylor",pat720@medconnect.local,0710000720,49,pat720,29,"2026-10-01 08:40:07"
157,"Usman Malik",pat820@medconnect.local,0710000820,43,pat820,30,"2026-10-01 08:40:07"
158,"Aisha Khan",pat920@medconnect.local,0710000920,37,pat920,31,"2026-10-01 08:40:07"
159,"Oliver Clark",pat1030@medconnect.local,0710001030,41,pat1030,32,"2026-10-01 08:40:07"
160,"Chloe Martin",pat130@medconnect.local,0710000130,42,pat130,33,"2026-10-01 08:40:07"
161,"Grace Lee",pat230@medconnect.local,0710000230,36,pat230,34,"2026-10-01 08:40:07"
162,"Kabir Singh",pat330@medconnect.local,0710000330,30,pat330,35,"2026-10-01 08:40:07"
163,"Oliver Clark",pat430@medconnect.local,0710000430,24,pat430,36,"2026-10-01 08:40:07"
164,"Samuel Johnson",pat530@medconnect.local,0710000530,18,pat530,37,"2026-10-01 08:40:07"
165,"William Moore",pat630@medconnect.local,0710000630,65,pat630,38,"2026-10-01 08:40:07"
166,"Chloe Martin",pat730@medconnect.local,0710000730,59,pat730,39,"2026-10-01 08:40:07"
167,"Grace Lee",pat830@medconnect.local,0710000830,53,pat830,40,"2026-10-01 08:40:07"
168,"Kabir Singh",pat930@medconnect.local,0710000930,47,pat930,41,"2026-10-01 08:40:07"
169,"Aisha Khan",pat1040@medconnect.local,0710001040,51,pat1040,42,"2026-10-01 08:40:07"
170,"Mateo Rodriguez",pat140@medconnect.local,0710000140,52,pat140,43,"2026-10-01 08:40:07"
171,"Quinn Taylor",pat240@medconnect.local,0710000240,46,pat240,44,"2026-10-01 08:40:07"
172,"Usman Malik",pat340@medconnect.local,0710000340,40,pat340,45,"2026-10-01 08:40:07"
173,"Aisha Khan",pat440@medconnect.local,0710000440,34,pat440,46,"2026-10-01 08:40:07"
174,"Elena Garcia",pat540@medconnect.local,0710000540,28,pat540,47,"2026-10-01 08:40:07"
175,"Ishaan Gupta",pat640@medconnect.local,0710000640,22,pat640,48,"2026-10-01 08:40:07"
176,"Mateo Rodriguez",pat740@medconnect.local,0710000740,69,pat740,49,"2026-10-01 08:40:07"
177,"Quinn Taylor",pat840@medconnect.local,0710000840,63,pat840,50,"2026-10-01 08:40:07"
178,"Usman Malik",pat940@medconnect.local,0710000940,57,pat940,51,"2026-10-01 08:40:07"
179,"Kabir Singh",pat1050@medconnect.local,0710001050,61,pat1050,52,"2026-10-01 08:40:07"
180,"William Moore",pat150@medconnect.local,0710000150,62,pat150,53,"2026-10-01 08:40:07"
181,"Chloe Martin",pat250@medconnect.local,0710000250,56,pat250,54,"2026-10-01 08:40:07"
182,"Grace Lee",pat350@medconnect.local,0710000350,50,pat350,55,"2026-10-01 08:40:07"
183,"Kabir Singh",pat450@medconnect.local,0710000450,44,pat450,56,"2026-10-01 08:40:07"
184,"Oliver Clark",pat550@medconnect.local,0710000550,38,pat550,57,"2026-10-01 08:40:07"
185,"Samuel Johnson",pat650@medconnect.local,0710000650,32,pat650,58,"2026-10-01 08:40:07"
186,"William Moore",pat750@medconnect.local,0710000750,26,pat750,59,"2026-10-01 08:40:07"
187,"Chloe Martin",pat850@medconnect.local,0710000850,20,pat850,60,"2026-10-01 08:40:07"
188,"Grace Lee",pat950@medconnect.local,0710000950,67,pat950,61,"2026-10-01 08:40:07"
189,"Usman Malik",pat1060@medconnect.local,0710001060,18,pat1060,62,"2026-10-01 08:40:07"
190,"Ishaan Gupta",pat160@medconnect.local,0710000160,19,pat160,63,"2026-10-01 08:40:07"
191,"Mateo Rodriguez",pat260@medconnect.local,0710000260,66,pat260,64,"2026-10-01 08:40:07"
192,"Quinn Taylor",pat360@medconnect.local,0710000360,60,pat360,65,"2026-10-01 08:40:07"
193,"Usman Malik",pat460@medconnect.local,0710000460,54,pat460,66,"2026-10-01 08:40:07"
194,"Aisha Khan",pat560@medconnect.local,0710000560,48,pat560,67,"2026-10-01 08:40:07"
195,"Elena Garcia",pat660@medconnect.local,0710000660,42,pat660,68,"2026-10-01 08:40:07"
196,"Ishaan Gupta",pat760@medconnect.local,0710000760,36,pat760,69,"2026-10-01 08:40:07"
197,"Mateo Rodriguez",pat860@medconnect.local,0710000860,30,pat860,70,"2026-10-01 08:40:07"
198,"Quinn Taylor",pat960@medconnect.local,0710000960,24,pat960,71,"2026-10-01 08:40:07"
199,"Grace Lee",pat1070@medconnect.local,0710001070,28,pat1070,72,"2026-10-01 08:40:07"
200,"Samuel Johnson",pat170@medconnect.local,0710000170,29,pat170,73,"2026-10-01 08:40:07"
201,"William Moore",pat270@medconnect.local,0710000270,23,pat270,74,"2026-10-01 08:40:07"
202,"Chloe Martin",pat370@medconnect.local,0710000370,70,pat370,75,"2026-10-01 08:40:07"
203,"Grace Lee",pat470@medconnect.local,0710000470,64,pat470,76,"2026-10-01 08:40:07"
204,"Kabir Singh",pat570@medconnect.local,0710000570,58,pat570,77,"2026-10-01 08:40:07"
205,"Oliver Clark",pat670@medconnect.local,0710000670,52,pat670,78,"2026-10-01 08:40:07"
206,"Samuel Johnson",pat770@medconnect.local,0710000770,46,pat770,79,"2026-10-01 08:40:07"
207,"William Moore",pat870@medconnect.local,0710000870,40,pat870,80,"2026-10-01 08:40:07"
208,"Chloe Martin",pat970@medconnect.local,0710000970,34,pat970,81,"2026-10-01 08:40:07"
209,"Quinn Taylor",pat1080@medconnect.local,0710001080,38,pat1080,82,"2026-10-01 08:40:07"
210,"Elena Garcia",pat180@medconnect.local,0710000180,39,pat180,83,"2026-10-01 08:40:07"
211,"Ishaan Gupta",pat280@medconnect.local,0710000280,33,pat280,84,"2026-10-01 08:40:07"
212,"Mateo Rodriguez",pat380@medconnect.local,0710000380,27,pat380,85,"2026-10-01 08:40:07"
213,"Quinn Taylor",pat480@medconnect.local,0710000480,21,pat480,86,"2026-10-01 08:40:07"
214,"Usman Malik",pat580@medconnect.local,0710000580,68,pat580,87,"2026-10-01 08:40:07"
215,"Aisha Khan",pat680@medconnect.local,0710000680,62,pat680,88,"2026-10-01 08:40:07"
216,"Elena Garcia",pat780@medconnect.local,0710000780,56,pat780,89,"2026-10-01 08:40:07"
217,"Ishaan Gupta",pat880@medconnect.local,0710000880,50,pat880,90,"2026-10-01 08:40:07"
218,"Mateo Rodriguez",pat980@medconnect.local,0710000980,44,pat980,91,"2026-10-01 08:40:07"
219,"Chloe Martin",pat1090@medconnect.local,0710001090,48,pat1090,92,"2026-10-01 08:40:07"
220,"Oliver Clark",pat190@medconnect.local,0710000190,49,pat190,93,"2026-10-01 08:40:07"
221,"Samuel Johnson",pat290@medconnect.local,0710000290,43,pat290,94,"2026-10-01 08:40:07"
222,"William Moore",pat390@medconnect.local,0710000390,37,pat390,95,"2026-10-01 08:40:07"
223,"Chloe Martin",pat490@medconnect.local,0710000490,31,pat490,96,"2026-10-01 08:40:07"
224,"Grace Lee",pat590@medconnect.local,0710000590,25,pat590,97,"2026-10-01 08:40:07"
225,"Kabir Singh",pat690@medconnect.local,0710000690,19,pat690,98,"2026-10-01 08:40:07"
226,"Oliver Clark",pat790@medconnect.local,0710000790,66,pat790,99,"2026-10-01 08:40:07"
227,"Samuel Johnson",pat890@medconnect.local,0710000890,60,pat890,100,"2026-10-01 08:40:07"
228,"William Moore",pat990@medconnect.local,0710000990,54,pat990,101,"2026-10-01 08:40:07"
229,"Julia Brown",pat1001@medconnect.local,0710001001,65,pat1001,102,"2026-10-01 08:40:07"
230,"Nisha Patel",pat1101@medconnect.local,0710001101,59,pat1101,1,"2026-10-01 08:40:07"
231,"Ben Carter",pat201@medconnect.local,0710000201,60,pat201,2,"2026-10-01 08:40:07"
232,"Farhan Ahmed",pat301@medconnect.local,0710000301,54,pat301,3,"2026-10-01 08:40:07"
233,"Julia Brown",pat401@medconnect.local,0710000401,48,pat401,4,"2026-10-01 08:40:07"
234,"Nisha Patel",pat501@medconnect.local,0710000501,42,pat501,5,"2026-10-01 08:40:07"
235,"Riya Desai",pat601@medconnect.local,0710000601,36,pat601,6,"2026-10-01 08:40:07"
236,"Valentina Rossi",pat701@medconnect.local,0710000701,30,pat701,7,"2026-10-01 08:40:07"
237,"Ben Carter",pat801@medconnect.local,0710000801,24,pat801,8,"2026-10-01 08:40:07"
238,"Farhan Ahmed",pat901@medconnect.local,0710000901,18,pat901,9,"2026-10-01 08:40:07"
239,"Tara Williams",pat1011@medconnect.local,0710001011,22,pat1011,10,"2026-10-01 08:40:07"
240,"Harper Smith",pat111@medconnect.local,0710000111,23,pat111,11,"2026-10-01 08:40:07"
241,"Leah Davis",pat211@medconnect.local,0710000211,70,pat211,12,"2026-10-01 08:40:07"
242,"Pooja Menon",pat311@medconnect.local,0710000311,64,pat311,13,"2026-10-01 08:40:07"
243,"Tara Williams",pat411@medconnect.local,0710000411,58,pat411,14,"2026-10-01 08:40:07"
244,"Yasmin Ali",pat511@medconnect.local,0710000511,52,pat511,15,"2026-10-01 08:40:07"
245,"Daniel Wilson",pat611@medconnect.local,0710000611,46,pat611,16,"2026-10-01 08:40:07"
246,"Harper Smith",pat711@medconnect.local,0710000711,40,pat711,17,"2026-10-01 08:40:07"
247,"Leah Davis",pat811@medconnect.local,0710000811,34,pat811,18,"2026-10-01 08:40:07"
248,"Pooja Menon",pat911@medconnect.local,0710000911,28,pat911,19,"2026-10-01 08:40:07"
249,"Farhan Ahmed",pat1021@medconnect.local,0710001021,32,pat1021,20,"2026-10-01 08:40:07"
250,"Riya Desai",pat121@medconnect.local,0710000121,33,pat121,21,"2026-10-01 08:40:07"
251,"Valentina Rossi",pat221@medconnect.local,0710000221,27,pat221,22,"2026-10-01 08:40:07"
252,"Ben Carter",pat321@medconnect.local,0710000321,21,pat321,23,"2026-10-01 08:40:07"
253,"Farhan Ahmed",pat421@medconnect.local,0710000421,68,pat421,24,"2026-10-01 08:40:07"
254,"Julia Brown",pat521@medconnect.local,0710000521,62,pat521,25,"2026-10-01 08:40:07"
255,"Nisha Patel",pat621@medconnect.local,0710000621,56,pat621,26,"2026-10-01 08:40:07"
256,"Riya Desai",pat721@medconnect.local,0710000721,50,pat721,27,"2026-10-01 08:40:07"
257,"Valentina Rossi",pat821@medconnect.local,0710000821,44,pat821,28,"2026-10-01 08:40:07"
258,"Ben Carter",pat921@medconnect.local,0710000921,38,pat921,29,"2026-10-01 08:40:07"
259,"Pooja Menon",pat1031@medconnect.local,0710001031,42,pat1031,30,"2026-10-01 08:40:07"
260,"Daniel Wilson",pat131@medconnect.local,0710000131,43,pat131,31,"2026-10-01 08:40:07"
261,"Harper Smith",pat231@medconnect.local,0710000231,37,pat231,32,"2026-10-01 08:40:07"
262,"Leah Davis",pat331@medconnect.local,0710000331,31,pat331,33,"2026-10-01 08:40:07"
263,"Pooja Menon",pat431@medconnect.local,0710000431,25,pat431,34,"2026-10-01 08:40:07"
264,"Tara Williams",pat531@medconnect.local,0710000531,19,pat531,35,"2026-10-01 08:40:07"
265,"Yasmin Ali",pat631@medconnect.local,0710000631,66,pat631,36,"2026-10-01 08:40:07"
266,"Daniel Wilson",pat731@medconnect.local,0710000731,60,pat731,37,"2026-10-01 08:40:07"
267,"Harper Smith",pat831@medconnect.local,0710000831,54,pat831,38,"2026-10-01 08:40:07"
268,"Leah Davis",pat931@medconnect.local,0710000931,48,pat931,39,"2026-10-01 08:40:07"
269,"Ben Carter",pat1041@medconnect.local,0710001041,52,pat1041,40,"2026-10-01 08:40:07"
270,"Nisha Patel",pat141@medconnect.local,0710000141,53,pat141,41,"2026-10-01 08:40:07"
271,"Riya Desai",pat241@medconnect.local,0710000241,47,pat241,42,"2026-10-01 08:40:07"
272,"Valentina Rossi",pat341@medconnect.local,0710000341,41,pat341,43,"2026-10-01 08:40:07"
273,"Ben Carter",pat441@medconnect.local,0710000441,35,pat441,44,"2026-10-01 08:40:07"
274,"Farhan Ahmed",pat541@medconnect.local,0710000541,29,pat541,45,"2026-10-01 08:40:07"
275,"Julia Brown",pat641@medconnect.local,0710000641,23,pat641,46,"2026-10-01 08:40:07"
276,"Nisha Patel",pat741@medconnect.local,0710000741,70,pat741,47,"2026-10-01 08:40:07"
277,"Riya Desai",pat841@medconnect.local,0710000841,64,pat841,48,"2026-10-01 08:40:07"
278,"Valentina Rossi",pat941@medconnect.local,0710000941,58,pat941,49,"2026-10-01 08:40:07"
279,"Leah Davis",pat1051@medconnect.local,0710001051,62,pat1051,50,"2026-10-01 08:40:07"
280,"Yasmin Ali",pat151@medconnect.local,0710000151,63,pat151,51,"2026-10-01 08:40:07"
281,"Daniel Wilson",pat251@medconnect.local,0710000251,57,pat251,52,"2026-10-01 08:40:07"
282,"Harper Smith",pat351@medconnect.local,0710000351,51,pat351,53,"2026-10-01 08:40:07"
283,"Leah Davis",pat451@medconnect.local,0710000451,45,pat451,54,"2026-10-01 08:40:07"
284,"Pooja Menon",pat551@medconnect.local,0710000551,39,pat551,55,"2026-10-01 08:40:07"
285,"Tara Williams",pat651@medconnect.local,0710000651,33,pat651,56,"2026-10-01 08:40:07"
286,"Yasmin Ali",pat751@medconnect.local,0710000751,27,pat751,57,"2026-10-01 08:40:07"
287,"Daniel Wilson",pat851@medconnect.local,0710000851,21,pat851,58,"2026-10-01 08:40:07"
288,"Harper Smith",pat951@medconnect.local,0710000951,68,pat951,59,"2026-10-01 08:40:07"
289,"Valentina Rossi",pat1061@medconnect.local,0710001061,19,pat1061,60,"2026-10-01 08:40:07"
290,"Julia Brown",pat161@medconnect.local,0710000161,20,pat161,61,"2026-10-01 08:40:07"
291,"Nisha Patel",pat261@medconnect.local,0710000261,67,pat261,62,"2026-10-01 08:40:07"
292,"Riya Desai",pat361@medconnect.local,0710000361,61,pat361,63,"2026-10-01 08:40:07"
293,"Valentina Rossi",pat461@medconnect.local,0710000461,55,pat461,64,"2026-10-01 08:40:07"
294,"Ben Carter",pat561@medconnect.local,0710000561,49,pat561,65,"2026-10-01 08:40:07"
295,"Farhan Ahmed",pat661@medconnect.local,0710000661,43,pat661,66,"2026-10-01 08:40:07"
296,"Julia Brown",pat761@medconnect.local,0710000761,37,pat761,67,"2026-10-01 08:40:07"
297,"Nisha Patel",pat861@medconnect.local,0710000861,31,pat861,68,"2026-10-01 08:40:07"
298,"Riya Desai",pat961@medconnect.local,0710000961,25,pat961,69,"2026-10-01 08:40:07"
299,"Harper Smith",pat1071@medconnect.local,0710001071,29,pat1071,70,"2026-10-01 08:40:07"
300,"Tara Williams",pat171@medconnect.local,0710000171,30,pat171,71,"2026-10-01 08:40:07"
301,"Yasmin Ali",pat271@medconnect.local,0710000271,24,pat271,72,"2026-10-01 08:40:07"
302,"Daniel Wilson",pat371@medconnect.local,0710000371,18,pat371,73,"2026-10-01 08:40:07"
303,"Harper Smith",pat471@medconnect.local,0710000471,65,pat471,74,"2026-10-01 08:40:07"
304,"Leah Davis",pat571@medconnect.local,0710000571,59,pat571,75,"2026-10-01 08:40:07"
305,"Pooja Menon",pat671@medconnect.local,0710000671,53,pat671,76,"2026-10-01 08:40:07"
306,"Tara Williams",pat771@medconnect.local,0710000771,47,pat771,77,"2026-10-01 08:40:07"
307,"Yasmin Ali",pat871@medconnect.local,0710000871,41,pat871,78,"2026-10-01 08:40:07"
308,"Daniel Wilson",pat971@medconnect.local,0710000971,35,pat971,79,"2026-10-01 08:40:07"
309,"Riya Desai",pat1081@medconnect.local,0710001081,39,pat1081,80,"2026-10-01 08:40:07"
310,"Farhan Ahmed",pat181@medconnect.local,0710000181,40,pat181,81,"2026-10-01 08:40:07"
311,"Julia Brown",pat281@medconnect.local,0710000281,34,pat281,82,"2026-10-01 08:40:07"
312,"Nisha Patel",pat381@medconnect.local,0710000381,28,pat381,83,"2026-10-01 08:40:07"
313,"Riya Desai",pat481@medconnect.local,0710000481,22,pat481,84,"2026-10-01 08:40:07"
314,"Valentina Rossi",pat581@medconnect.local,0710000581,69,pat581,85,"2026-10-01 08:40:07"
315,"Ben Carter",pat681@medconnect.local,0710000681,63,pat681,86,"2026-10-01 08:40:07"
316,"Farhan Ahmed",pat781@medconnect.local,0710000781,57,pat781,87,"2026-10-01 08:40:07"
317,"Julia Brown",pat881@medconnect.local,0710000881,51,pat881,88,"2026-10-01 08:40:07"
318,"Nisha Patel",pat981@medconnect.local,0710000981,45,pat981,89,"2026-10-01 08:40:07"
319,"Daniel Wilson",pat1091@medconnect.local,0710001091,49,pat1091,90,"2026-10-01 08:40:07"
320,"Pooja Menon",pat191@medconnect.local,0710000191,50,pat191,91,"2026-10-01 08:40:07"
321,"Tara Williams",pat291@medconnect.local,0710000291,44,pat291,92,"2026-10-01 08:40:07"
322,"Yasmin Ali",pat391@medconnect.local,0710000391,38,pat391,93,"2026-10-01 08:40:07"
323,"Daniel Wilson",pat491@medconnect.local,0710000491,32,pat491,94,"2026-10-01 08:40:07"
324,"Harper Smith",pat591@medconnect.local,0710000591,26,pat591,95,"2026-10-01 08:40:07"
325,"Leah Davis",pat691@medconnect.local,0710000691,20,pat691,96,"2026-10-01 08:40:07"
326,"Pooja Menon",pat791@medconnect.local,0710000791,67,pat791,97,"2026-10-01 08:40:07"
327,"Tara Williams",pat891@medconnect.local,0710000891,61,pat891,98,"2026-10-01 08:40:07"
328,"Yasmin Ali",pat991@medconnect.local,0710000991,55,pat991,99,"2026-10-01 08:40:07"
329,"Kabir Singh",pat1002@medconnect.local,0710001002,66,pat1002,100,"2026-10-01 08:40:07"
330,"Oliver Clark",pat1102@medconnect.local,0710001102,60,pat1102,101,"2026-10-01 08:40:07"
331,"Chloe Martin",pat202@medconnect.local,0710000202,61,pat202,102,"2026-10-01 08:40:07"
332,"Grace Lee",pat302@medconnect.local,0710000302,55,pat302,1,"2026-10-01 08:40:07"
333,"Kabir Singh",pat402@medconnect.local,0710000402,49,pat402,2,"2026-10-01 08:40:07"
334,"Oliver Clark",pat502@medconnect.local,0710000502,43,pat502,3,"2026-10-01 08:40:07"
335,"Samuel Johnson",pat602@medconnect.local,0710000602,37,pat602,4,"2026-10-01 08:40:07"
336,"William Moore",pat702@medconnect.local,0710000702,31,pat702,5,"2026-10-01 08:40:07"
337,"Chloe Martin",pat802@medconnect.local,0710000802,25,pat802,6,"2026-10-01 08:40:07"
338,"Grace Lee",pat902@medconnect.local,0710000902,19,pat902,7,"2026-10-01 08:40:07"
339,"Usman Malik",pat1012@medconnect.local,0710001012,23,pat1012,8,"2026-10-01 08:40:07"
340,"Ishaan Gupta",pat112@medconnect.local,0710000112,24,pat112,9,"2026-10-01 08:40:07"
341,"Mateo Rodriguez",pat212@medconnect.local,0710000212,18,pat212,10,"2026-10-01 08:40:07"
342,"Quinn Taylor",pat312@medconnect.local,0710000312,65,pat312,11,"2026-10-01 08:40:07"
343,"Usman Malik",pat412@medconnect.local,0710000412,59,pat412,12,"2026-10-01 08:40:07"
344,"Aisha Khan",pat512@medconnect.local,0710000512,53,pat512,13,"2026-10-01 08:40:07"
345,"Elena Garcia",pat612@medconnect.local,0710000612,47,pat612,14,"2026-10-01 08:40:07"
346,"Ishaan Gupta",pat712@medconnect.local,0710000712,41,pat712,15,"2026-10-01 08:40:07"
347,"Mateo Rodriguez",pat812@medconnect.local,0710000812,35,pat812,16,"2026-10-01 08:40:07"
348,"Quinn Taylor",pat912@medconnect.local,0710000912,29,pat912,17,"2026-10-01 08:40:07"
349,"Grace Lee",pat1022@medconnect.local,0710001022,33,pat1022,18,"2026-10-01 08:40:07"
350,"Samuel Johnson",pat122@medconnect.local,0710000122,34,pat122,19,"2026-10-01 08:40:07"
351,"William Moore",pat222@medconnect.local,0710000222,28,pat222,20,"2026-10-01 08:40:07"
352,"Chloe Martin",pat322@medconnect.local,0710000322,22,pat322,21,"2026-10-01 08:40:07"
353,"Grace Lee",pat422@medconnect.local,0710000422,69,pat422,22,"2026-10-01 08:40:07"
354,"Kabir Singh",pat522@medconnect.local,0710000522,63,pat522,23,"2026-10-01 08:40:07"
355,"Oliver Clark",pat622@medconnect.local,0710000622,57,pat622,24,"2026-10-01 08:40:07"
356,"Samuel Johnson",pat722@medconnect.local,0710000722,51,pat722,25,"2026-10-01 08:40:07"
357,"William Moore",pat822@medconnect.local,0710000822,45,pat822,26,"2026-10-01 08:40:07"
358,"Chloe Martin",pat922@medconnect.local,0710000922,39,pat922,27,"2026-10-01 08:40:07"
359,"Quinn Taylor",pat1032@medconnect.local,0710001032,43,pat1032,28,"2026-10-01 08:40:07"
360,"Elena Garcia",pat132@medconnect.local,0710000132,44,pat132,29,"2026-10-01 08:40:07"
361,"Ishaan Gupta",pat232@medconnect.local,0710000232,38,pat232,30,"2026-10-01 08:40:07"
362,"Mateo Rodriguez",pat332@medconnect.local,0710000332,32,pat332,31,"2026-10-01 08:40:07"
363,"Quinn Taylor",pat432@medconnect.local,0710000432,26,pat432,32,"2026-10-01 08:40:07"
364,"Usman Malik",pat532@medconnect.local,0710000532,20,pat532,33,"2026-10-01 08:40:07"
365,"Aisha Khan",pat632@medconnect.local,0710000632,67,pat632,34,"2026-10-01 08:40:07"
366,"Elena Garcia",pat732@medconnect.local,0710000732,61,pat732,35,"2026-10-01 08:40:07"
367,"Ishaan Gupta",pat832@medconnect.local,0710000832,55,pat832,36,"2026-10-01 08:40:07"
368,"Mateo Rodriguez",pat932@medconnect.local,0710000932,49,pat932,37,"2026-10-01 08:40:07"
369,"Chloe Martin",pat1042@medconnect.local,0710001042,53,pat1042,38,"2026-10-01 08:40:07"
370,"Oliver Clark",pat142@medconnect.local,0710000142,54,pat142,39,"2026-10-01 08:40:07"
371,"Samuel Johnson",pat242@medconnect.local,0710000242,48,pat242,40,"2026-10-01 08:40:07"
372,"William Moore",pat342@medconnect.local,0710000342,42,pat342,41,"2026-10-01 08:40:07"
373,"Chloe Martin",pat442@medconnect.local,0710000442,36,pat442,42,"2026-10-01 08:40:07"
374,"Grace Lee",pat542@medconnect.local,0710000542,30,pat542,43,"2026-10-01 08:40:07"
375,"Kabir Singh",pat642@medconnect.local,0710000642,24,pat642,44,"2026-10-01 08:40:07"
376,"Oliver Clark",pat742@medconnect.local,0710000742,18,pat742,45,"2026-10-01 08:40:07"
377,"Samuel Johnson",pat842@medconnect.local,0710000842,65,pat842,46,"2026-10-01 08:40:07"
378,"William Moore",pat942@medconnect.local,0710000942,59,pat942,47,"2026-10-01 08:40:07"
379,"Mateo Rodriguez",pat1052@medconnect.local,0710001052,63,pat1052,48,"2026-10-01 08:40:07"
380,"Aisha Khan",pat152@medconnect.local,0710000152,64,pat152,49,"2026-10-01 08:40:07"
381,"Elena Garcia",pat252@medconnect.local,0710000252,58,pat252,50,"2026-10-01 08:40:07"
382,"Ishaan Gupta",pat352@medconnect.local,0710000352,52,pat352,51,"2026-10-01 08:40:07"
383,"Mateo Rodriguez",pat452@medconnect.local,0710000452,46,pat452,52,"2026-10-01 08:40:07"
384,"Quinn Taylor",pat552@medconnect.local,0710000552,40,pat552,53,"2026-10-01 08:40:07"
385,"Usman Malik",pat652@medconnect.local,0710000652,34,pat652,54,"2026-10-01 08:40:07"
386,"Aisha Khan",pat752@medconnect.local,0710000752,28,pat752,55,"2026-10-01 08:40:07"
387,"Elena Garcia",pat852@medconnect.local,0710000852,22,pat852,56,"2026-10-01 08:40:07"
388,"Ishaan Gupta",pat952@medconnect.local,0710000952,69,pat952,57,"2026-10-01 08:40:07"
389,"William Moore",pat1062@medconnect.local,0710001062,20,pat1062,58,"2026-10-01 08:40:07"
390,"Kabir Singh",pat162@medconnect.local,0710000162,21,pat162,59,"2026-10-01 08:40:07"
391,"Oliver Clark",pat262@medconnect.local,0710000262,68,pat262,60,"2026-10-01 08:40:07"
392,"Samuel Johnson",pat362@medconnect.local,0710000362,62,pat362,61,"2026-10-01 08:40:07"
393,"William Moore",pat462@medconnect.local,0710000462,56,pat462,62,"2026-10-01 08:40:07"
394,"Chloe Martin",pat562@medconnect.local,0710000562,50,pat562,63,"2026-10-01 08:40:07"
395,"Grace Lee",pat662@medconnect.local,0710000662,44,pat662,64,"2026-10-01 08:40:07"
396,"Kabir Singh",pat762@medconnect.local,0710000762,38,pat762,65,"2026-10-01 08:40:07"
397,"Oliver Clark",pat862@medconnect.local,0710000862,32,pat862,66,"2026-10-01 08:40:07"
398,"Samuel Johnson",pat962@medconnect.local,0710000962,26,pat962,67,"2026-10-01 08:40:07"
399,"Ishaan Gupta",pat1072@medconnect.local,0710001072,30,pat1072,68,"2026-10-01 08:40:07"
400,"Usman Malik",pat172@medconnect.local,0710000172,31,pat172,69,"2026-10-01 08:40:07"
401,"Aisha Khan",pat272@medconnect.local,0710000272,25,pat272,70,"2026-10-01 08:40:07"
402,"Elena Garcia",pat372@medconnect.local,0710000372,19,pat372,71,"2026-10-01 08:40:07"
403,"Ishaan Gupta",pat472@medconnect.local,0710000472,66,pat472,72,"2026-10-01 08:40:07"
404,"Mateo Rodriguez",pat572@medconnect.local,0710000572,60,pat572,73,"2026-10-01 08:40:07"
405,"Quinn Taylor",pat672@medconnect.local,0710000672,54,pat672,74,"2026-10-01 08:40:07"
406,"Usman Malik",pat772@medconnect.local,0710000772,48,pat772,75,"2026-10-01 08:40:07"
407,"Aisha Khan",pat872@medconnect.local,0710000872,42,pat872,76,"2026-10-01 08:40:07"
408,"Elena Garcia",pat972@medconnect.local,0710000972,36,pat972,77,"2026-10-01 08:40:07"
409,"Samuel Johnson",pat1082@medconnect.local,0710001082,40,pat1082,78,"2026-10-01 08:40:07"
410,"Grace Lee",pat182@medconnect.local,0710000182,41,pat182,79,"2026-10-01 08:40:07"
411,"Kabir Singh",pat282@medconnect.local,0710000282,35,pat282,80,"2026-10-01 08:40:07"
412,"Oliver Clark",pat382@medconnect.local,0710000382,29,pat382,81,"2026-10-01 08:40:07"
413,"Samuel Johnson",pat482@medconnect.local,0710000482,23,pat482,82,"2026-10-01 08:40:07"
414,"William Moore",pat582@medconnect.local,0710000582,70,pat582,83,"2026-10-01 08:40:07"
415,"Chloe Martin",pat682@medconnect.local,0710000682,64,pat682,84,"2026-10-01 08:40:07"
416,"Grace Lee",pat782@medconnect.local,0710000782,58,pat782,85,"2026-10-01 08:40:07"
417,"Kabir Singh",pat882@medconnect.local,0710000882,52,pat882,86,"2026-10-01 08:40:07"
418,"Oliver Clark",pat982@medconnect.local,0710000982,46,pat982,87,"2026-10-01 08:40:07"
419,"Elena Garcia",pat1092@medconnect.local,0710001092,50,pat1092,88,"2026-10-01 08:40:07"
420,"Quinn Taylor",pat192@medconnect.local,0710000192,51,pat192,89,"2026-10-01 08:40:07"
421,"Usman Malik",pat292@medconnect.local,0710000292,45,pat292,90,"2026-10-01 08:40:07"
422,"Aisha Khan",pat392@medconnect.local,0710000392,39,pat392,91,"2026-10-01 08:40:07"
423,"Elena Garcia",pat492@medconnect.local,0710000492,33,pat492,92,"2026-10-01 08:40:07"
424,"Ishaan Gupta",pat592@medconnect.local,0710000592,27,pat592,93,"2026-10-01 08:40:07"
425,"Mateo Rodriguez",pat692@medconnect.local,0710000692,21,pat692,94,"2026-10-01 08:40:07"
426,"Quinn Taylor",pat792@medconnect.local,0710000792,68,pat792,95,"2026-10-01 08:40:07"
427,"Usman Malik",pat892@medconnect.local,0710000892,62,pat892,96,"2026-10-01 08:40:07"
428,"Aisha Khan",pat992@medconnect.local,0710000992,56,pat992,97,"2026-10-01 08:40:07"
429,"Leah Davis",pat1003@medconnect.local,0710001003,67,pat1003,98,"2026-10-01 08:40:07"
430,"Pooja Menon",pat1103@medconnect.local,0710001103,61,pat1103,99,"2026-10-01 08:40:07"
431,"Daniel Wilson",pat203@medconnect.local,0710000203,62,pat203,100,"2026-10-01 08:40:07"
432,"Harper Smith",pat303@medconnect.local,0710000303,56,pat303,101,"2026-10-01 08:40:07"
433,"Leah Davis",pat403@medconnect.local,0710000403,50,pat403,102,"2026-10-01 08:40:07"
434,"Pooja Menon",pat503@medconnect.local,0710000503,44,pat503,1,"2026-10-01 08:40:07"
435,"Tara Williams",pat603@medconnect.local,0710000603,38,pat603,2,"2026-10-01 08:40:07"
436,"Yasmin Ali",pat703@medconnect.local,0710000703,32,pat703,3,"2026-10-01 08:40:07"
437,"Daniel Wilson",pat803@medconnect.local,0710000803,26,pat803,4,"2026-10-01 08:40:07"
438,"Harper Smith",pat903@medconnect.local,0710000903,20,pat903,5,"2026-10-01 08:40:07"
439,"Valentina Rossi",pat1013@medconnect.local,0710001013,24,pat1013,6,"2026-10-01 08:40:07"
440,"Julia Brown",pat113@medconnect.local,0710000113,25,pat113,7,"2026-10-01 08:40:07"
441,"Nisha Patel",pat213@medconnect.local,0710000213,19,pat213,8,"2026-10-01 08:40:07"
442,"Riya Desai",pat313@medconnect.local,0710000313,66,pat313,9,"2026-10-01 08:40:07"
443,"Valentina Rossi",pat413@medconnect.local,0710000413,60,pat413,10,"2026-10-01 08:40:07"
444,"Ben Carter",pat513@medconnect.local,0710000513,54,pat513,11,"2026-10-01 08:40:07"
445,"Farhan Ahmed",pat613@medconnect.local,0710000613,48,pat613,12,"2026-10-01 08:40:07"
446,"Julia Brown",pat713@medconnect.local,0710000713,42,pat713,13,"2026-10-01 08:40:07"
447,"Nisha Patel",pat813@medconnect.local,0710000813,36,pat813,14,"2026-10-01 08:40:07"
448,"Riya Desai",pat913@medconnect.local,0710000913,30,pat913,15,"2026-10-01 08:40:07"
449,"Harper Smith",pat1023@medconnect.local,0710001023,34,pat1023,16,"2026-10-01 08:40:07"
450,"Tara Williams",pat123@medconnect.local,0710000123,35,pat123,17,"2026-10-01 08:40:07"
451,"Yasmin Ali",pat223@medconnect.local,0710000223,29,pat223,18,"2026-10-01 08:40:07"
452,"Daniel Wilson",pat323@medconnect.local,0710000323,23,pat323,19,"2026-10-01 08:40:07"
453,"Harper Smith",pat423@medconnect.local,0710000423,70,pat423,20,"2026-10-01 08:40:07"
454,"Leah Davis",pat523@medconnect.local,0710000523,64,pat523,21,"2026-10-01 08:40:07"
455,"Pooja Menon",pat623@medconnect.local,0710000623,58,pat623,22,"2026-10-01 08:40:07"
456,"Tara Williams",pat723@medconnect.local,0710000723,52,pat723,23,"2026-10-01 08:40:07"
457,"Yasmin Ali",pat823@medconnect.local,0710000823,46,pat823,24,"2026-10-01 08:40:07"
458,"Daniel Wilson",pat923@medconnect.local,0710000923,40,pat923,25,"2026-10-01 08:40:07"
459,"Riya Desai",pat1033@medconnect.local,0710001033,44,pat1033,26,"2026-10-01 08:40:07"
460,"Farhan Ahmed",pat133@medconnect.local,0710000133,45,pat133,27,"2026-10-01 08:40:07"
461,"Julia Brown",pat233@medconnect.local,0710000233,39,pat233,28,"2026-10-01 08:40:07"
462,"Nisha Patel",pat333@medconnect.local,0710000333,33,pat333,29,"2026-10-01 08:40:07"
463,"Riya Desai",pat433@medconnect.local,0710000433,27,pat433,30,"2026-10-01 08:40:07"
464,"Valentina Rossi",pat533@medconnect.local,0710000533,21,pat533,31,"2026-10-01 08:40:07"
465,"Ben Carter",pat633@medconnect.local,0710000633,68,pat633,32,"2026-10-01 08:40:07"
466,"Farhan Ahmed",pat733@medconnect.local,0710000733,62,pat733,33,"2026-10-01 08:40:07"
467,"Julia Brown",pat833@medconnect.local,0710000833,56,pat833,34,"2026-10-01 08:40:07"
468,"Nisha Patel",pat933@medconnect.local,0710000933,50,pat933,35,"2026-10-01 08:40:07"
469,"Daniel Wilson",pat1043@medconnect.local,0710001043,54,pat1043,36,"2026-10-01 08:40:07"
470,"Pooja Menon",pat143@medconnect.local,0710000143,55,pat143,37,"2026-10-01 08:40:07"
471,"Tara Williams",pat243@medconnect.local,0710000243,49,pat243,38,"2026-10-01 08:40:07"
472,"Yasmin Ali",pat343@medconnect.local,0710000343,43,pat343,39,"2026-10-01 08:40:07"
473,"Daniel Wilson",pat443@medconnect.local,0710000443,37,pat443,40,"2026-10-01 08:40:07"
474,"Harper Smith",pat543@medconnect.local,0710000543,31,pat543,41,"2026-10-01 08:40:07"
475,"Leah Davis",pat643@medconnect.local,0710000643,25,pat643,42,"2026-10-01 08:40:07"
476,"Pooja Menon",pat743@medconnect.local,0710000743,19,pat743,43,"2026-10-01 08:40:07"
477,"Tara Williams",pat843@medconnect.local,0710000843,66,pat843,44,"2026-10-01 08:40:07"
478,"Yasmin Ali",pat943@medconnect.local,0710000943,60,pat943,45,"2026-10-01 08:40:07"
479,"Nisha Patel",pat1053@medconnect.local,0710001053,64,pat1053,46,"2026-10-01 08:40:07"
480,"Ben Carter",pat153@medconnect.local,0710000153,65,pat153,47,"2026-10-01 08:40:07"
481,"Farhan Ahmed",pat253@medconnect.local,0710000253,59,pat253,48,"2026-10-01 08:40:07"
482,"Julia Brown",pat353@medconnect.local,0710000353,53,pat353,49,"2026-10-01 08:40:07"
483,"Nisha Patel",pat453@medconnect.local,0710000453,47,pat453,50,"2026-10-01 08:40:07"
484,"Riya Desai",pat553@medconnect.local,0710000553,41,pat553,51,"2026-10-01 08:40:07"
485,"Valentina Rossi",pat653@medconnect.local,0710000653,35,pat653,52,"2026-10-01 08:40:07"
486,"Ben Carter",pat753@medconnect.local,0710000753,29,pat753,53,"2026-10-01 08:40:07"
487,"Farhan Ahmed",pat853@medconnect.local,0710000853,23,pat853,54,"2026-10-01 08:40:07"
488,"Julia Brown",pat953@medconnect.local,0710000953,70,pat953,55,"2026-10-01 08:40:07"
489,"Yasmin Ali",pat1063@medconnect.local,0710001063,21,pat1063,56,"2026-10-01 08:40:07"
490,"Leah Davis",pat163@medconnect.local,0710000163,22,pat163,57,"2026-10-01 08:40:07"
491,"Pooja Menon",pat263@medconnect.local,0710000263,69,pat263,58,"2026-10-01 08:40:07"
492,"Tara Williams",pat363@medconnect.local,0710000363,63,pat363,59,"2026-10-01 08:40:07"
493,"Yasmin Ali",pat463@medconnect.local,0710000463,57,pat463,60,"2026-10-01 08:40:07"
494,"Daniel Wilson",pat563@medconnect.local,0710000563,51,pat563,61,"2026-10-01 08:40:07"
495,"Harper Smith",pat663@medconnect.local,0710000663,45,pat663,62,"2026-10-01 08:40:07"
496,"Leah Davis",pat763@medconnect.local,0710000763,39,pat763,63,"2026-10-01 08:40:07"
497,"Pooja Menon",pat863@medconnect.local,0710000863,33,pat863,64,"2026-10-01 08:40:07"
498,"Tara Williams",pat963@medconnect.local,0710000963,27,pat963,65,"2026-10-01 08:40:07"
499,"Julia Brown",pat1073@medconnect.local,0710001073,31,pat1073,66,"2026-10-01 08:40:07"
500,"Valentina Rossi",pat173@medconnect.local,0710000173,32,pat173,67,"2026-10-01 08:40:07"
501,"Ben Carter",pat273@medconnect.local,0710000273,26,pat273,68,"2026-10-01 08:40:07"
502,"Farhan Ahmed",pat373@medconnect.local,0710000373,20,pat373,69,"2026-10-01 08:40:07"
503,"Julia Brown",pat473@medconnect.local,0710000473,67,pat473,70,"2026-10-01 08:40:07"
504,"Nisha Patel",pat573@medconnect.local,0710000573,61,pat573,71,"2026-10-01 08:40:07"
505,"Riya Desai",pat673@medconnect.local,0710000673,55,pat673,72,"2026-10-01 08:40:07"
506,"Valentina Rossi",pat773@medconnect.local,0710000773,49,pat773,73,"2026-10-01 08:40:07"
507,"Ben Carter",pat873@medconnect.local,0710000873,43,pat873,74,"2026-10-01 08:40:07"
508,"Farhan Ahmed",pat973@medconnect.local,0710000973,37,pat973,75,"2026-10-01 08:40:07"
509,"Tara Williams",pat1083@medconnect.local,0710001083,41,pat1083,76,"2026-10-01 08:40:07"
510,"Harper Smith",pat183@medconnect.local,0710000183,42,pat183,77,"2026-10-01 08:40:07"
511,"Leah Davis",pat283@medconnect.local,0710000283,36,pat283,78,"2026-10-01 08:40:07"
512,"Pooja Menon",pat383@medconnect.local,0710000383,30,pat383,79,"2026-10-01 08:40:07"
513,"Tara Williams",pat483@medconnect.local,0710000483,24,pat483,80,"2026-10-01 08:40:07"
514,"Yasmin Ali",pat583@medconnect.local,0710000583,18,pat583,81,"2026-10-01 08:40:07"
515,"Daniel Wilson",pat683@medconnect.local,0710000683,65,pat683,82,"2026-10-01 08:40:07"
516,"Harper Smith",pat783@medconnect.local,0710000783,59,pat783,83,"2026-10-01 08:40:07"
517,"Leah Davis",pat883@medconnect.local,0710000883,53,pat883,84,"2026-10-01 08:40:07"
518,"Pooja Menon",pat983@medconnect.local,0710000983,47,pat983,85,"2026-10-01 08:40:07"
519,"Farhan Ahmed",pat1093@medconnect.local,0710001093,51,pat1093,86,"2026-10-01 08:40:07"
520,"Riya Desai",pat193@medconnect.local,0710000193,52,pat193,87,"2026-10-01 08:40:07"
521,"Valentina Rossi",pat293@medconnect.local,0710000293,46,pat293,88,"2026-10-01 08:40:07"
522,"Ben Carter",pat393@medconnect.local,0710000393,40,pat393,89,"2026-10-01 08:40:07"
523,"Farhan Ahmed",pat493@medconnect.local,0710000493,34,pat493,90,"2026-10-01 08:40:07"
524,"Julia Brown",pat593@medconnect.local,0710000593,28,pat593,91,"2026-10-01 08:40:07"
525,"Nisha Patel",pat693@medconnect.local,0710000693,22,pat693,92,"2026-10-01 08:40:07"
526,"Riya Desai",pat793@medconnect.local,0710000793,69,pat793,93,"2026-10-01 08:40:07"
527,"Valentina Rossi",pat893@medconnect.local,0710000893,63,pat893,94,"2026-10-01 08:40:07"
528,"Ben Carter",pat993@medconnect.local,0710000993,57,pat993,95,"2026-10-01 08:40:07"
529,"Mateo Rodriguez",pat1004@medconnect.local,0710001004,68,pat1004,96,"2026-10-01 08:40:07"
530,"Aisha Khan",pat104@medconnect.local,0710000104,69,pat104,97,"2026-10-01 08:40:07"
531,"Elena Garcia",pat204@medconnect.local,0710000204,63,pat204,98,"2026-10-01 08:40:07"
532,"Ishaan Gupta",pat304@medconnect.local,0710000304,57,pat304,99,"2026-10-01 08:40:07"
533,"Mateo Rodriguez",pat404@medconnect.local,0710000404,51,pat404,100,"2026-10-01 08:40:07"
534,"Quinn Taylor",pat504@medconnect.local,0710000504,45,pat504,101,"2026-10-01 08:40:07"
535,"Usman Malik",pat604@medconnect.local,0710000604,39,pat604,102,"2026-10-01 08:40:07"
536,"Aisha Khan",pat704@medconnect.local,0710000704,33,pat704,1,"2026-10-01 08:40:07"
537,"Elena Garcia",pat804@medconnect.local,0710000804,27,pat804,2,"2026-10-01 08:40:07"
538,"Ishaan Gupta",pat904@medconnect.local,0710000904,21,pat904,3,"2026-10-01 08:40:07"
539,"William Moore",pat1014@medconnect.local,0710001014,25,pat1014,4,"2026-10-01 08:40:07"
540,"Kabir Singh",pat114@medconnect.local,0710000114,26,pat114,5,"2026-10-01 08:40:07"
541,"Oliver Clark",pat214@medconnect.local,0710000214,20,pat214,6,"2026-10-01 08:40:07"
542,"Samuel Johnson",pat314@medconnect.local,0710000314,67,pat314,7,"2026-10-01 08:40:07"
543,"William Moore",pat414@medconnect.local,0710000414,61,pat414,8,"2026-10-01 08:40:07"
544,"Chloe Martin",pat514@medconnect.local,0710000514,55,pat514,9,"2026-10-01 08:40:07"
545,"Grace Lee",pat614@medconnect.local,0710000614,49,pat614,10,"2026-10-01 08:40:07"
546,"Kabir Singh",pat714@medconnect.local,0710000714,43,pat714,11,"2026-10-01 08:40:07"
547,"Oliver Clark",pat814@medconnect.local,0710000814,37,pat814,12,"2026-10-01 08:40:07"
548,"Samuel Johnson",pat914@medconnect.local,0710000914,31,pat914,13,"2026-10-01 08:40:07"
549,"Ishaan Gupta",pat1024@medconnect.local,0710001024,35,pat1024,14,"2026-10-01 08:40:07"
550,"Usman Malik",pat124@medconnect.local,0710000124,36,pat124,15,"2026-10-01 08:40:07"
551,"Aisha Khan",pat224@medconnect.local,0710000224,30,pat224,16,"2026-10-01 08:40:07"
552,"Elena Garcia",pat324@medconnect.local,0710000324,24,pat324,17,"2026-10-01 08:40:07"
553,"Ishaan Gupta",pat424@medconnect.local,0710000424,18,pat424,18,"2026-10-01 08:40:07"
554,"Mateo Rodriguez",pat524@medconnect.local,0710000524,65,pat524,19,"2026-10-01 08:40:07"
555,"Quinn Taylor",pat624@medconnect.local,0710000624,59,pat624,20,"2026-10-01 08:40:07"
556,"Usman Malik",pat724@medconnect.local,0710000724,53,pat724,21,"2026-10-01 08:40:07"
557,"Aisha Khan",pat824@medconnect.local,0710000824,47,pat824,22,"2026-10-01 08:40:07"
558,"Elena Garcia",pat924@medconnect.local,0710000924,41,pat924,23,"2026-10-01 08:40:07"
559,"Samuel Johnson",pat1034@medconnect.local,0710001034,45,pat1034,24,"2026-10-01 08:40:07"
560,"Grace Lee",pat134@medconnect.local,0710000134,46,pat134,25,"2026-10-01 08:40:07"
561,"Kabir Singh",pat234@medconnect.local,0710000234,40,pat234,26,"2026-10-01 08:40:07"
562,"Oliver Clark",pat334@medconnect.local,0710000334,34,pat334,27,"2026-10-01 08:40:07"
563,"Samuel Johnson",pat434@medconnect.local,0710000434,28,pat434,28,"2026-10-01 08:40:07"
564,"William Moore",pat534@medconnect.local,0710000534,22,pat534,29,"2026-10-01 08:40:07"
565,"Chloe Martin",pat634@medconnect.local,0710000634,69,pat634,30,"2026-10-01 08:40:07"
566,"Grace Lee",pat734@medconnect.local,0710000734,63,pat734,31,"2026-10-01 08:40:07"
567,"Kabir Singh",pat834@medconnect.local,0710000834,57,pat834,32,"2026-10-01 08:40:07"
568,"Oliver Clark",pat934@medconnect.local,0710000934,51,pat934,33,"2026-10-01 08:40:07"
569,"Elena Garcia",pat1044@medconnect.local,0710001044,55,pat1044,34,"2026-10-01 08:40:07"
570,"Quinn Taylor",pat144@medconnect.local,0710000144,56,pat144,35,"2026-10-01 08:40:07"
571,"Usman Malik",pat244@medconnect.local,0710000244,50,pat244,36,"2026-10-01 08:40:07"
572,"Aisha Khan",pat344@medconnect.local,0710000344,44,pat344,37,"2026-10-01 08:40:07"
573,"Elena Garcia",pat444@medconnect.local,0710000444,38,pat444,38,"2026-10-01 08:40:07"
574,"Ishaan Gupta",pat544@medconnect.local,0710000544,32,pat544,39,"2026-10-01 08:40:07"
575,"Mateo Rodriguez",pat644@medconnect.local,0710000644,26,pat644,40,"2026-10-01 08:40:07"
576,"Quinn Taylor",pat744@medconnect.local,0710000744,20,pat744,41,"2026-10-01 08:40:07"
577,"Usman Malik",pat844@medconnect.local,0710000844,67,pat844,42,"2026-10-01 08:40:07"
578,"Aisha Khan",pat944@medconnect.local,0710000944,61,pat944,43,"2026-10-01 08:40:07"
579,"Oliver Clark",pat1054@medconnect.local,0710001054,65,pat1054,44,"2026-10-01 08:40:07"
580,"Chloe Martin",pat154@medconnect.local,0710000154,66,pat154,45,"2026-10-01 08:40:07"
581,"Grace Lee",pat254@medconnect.local,0710000254,60,pat254,46,"2026-10-01 08:40:07"
582,"Kabir Singh",pat354@medconnect.local,0710000354,54,pat354,47,"2026-10-01 08:40:07"
583,"Oliver Clark",pat454@medconnect.local,0710000454,48,pat454,48,"2026-10-01 08:40:07"
584,"Samuel Johnson",pat554@medconnect.local,0710000554,42,pat554,49,"2026-10-01 08:40:07"
585,"William Moore",pat654@medconnect.local,0710000654,36,pat654,50,"2026-10-01 08:40:07"
586,"Chloe Martin",pat754@medconnect.local,0710000754,30,pat754,51,"2026-10-01 08:40:07"
587,"Grace Lee",pat854@medconnect.local,0710000854,24,pat854,52,"2026-10-01 08:40:07"
588,"Kabir Singh",pat954@medconnect.local,0710000954,18,pat954,53,"2026-10-01 08:40:07"
589,"Aisha Khan",pat1064@medconnect.local,0710001064,22,pat1064,54,"2026-10-01 08:40:07"
590,"Mateo Rodriguez",pat164@medconnect.local,0710000164,23,pat164,55,"2026-10-01 08:40:07"
591,"Quinn Taylor",pat264@medconnect.local,0710000264,70,pat264,56,"2026-10-01 08:40:07"
592,"Usman Malik",pat364@medconnect.local,0710000364,64,pat364,57,"2026-10-01 08:40:07"
593,"Aisha Khan",pat464@medconnect.local,0710000464,58,pat464,58,"2026-10-01 08:40:07"
594,"Elena Garcia",pat564@medconnect.local,0710000564,52,pat564,59,"2026-10-01 08:40:07"
595,"Ishaan Gupta",pat664@medconnect.local,0710000664,46,pat664,60,"2026-10-01 08:40:07"
596,"Mateo Rodriguez",pat764@medconnect.local,0710000764,40,pat764,61,"2026-10-01 08:40:07"
597,"Quinn Taylor",pat864@medconnect.local,0710000864,34,pat864,62,"2026-10-01 08:40:07"
598,"Usman Malik",pat964@medconnect.local,0710000964,28,pat964,63,"2026-10-01 08:40:07"
599,"Kabir Singh",pat1074@medconnect.local,0710001074,32,pat1074,64,"2026-10-01 08:40:07"
600,"William Moore",pat174@medconnect.local,0710000174,33,pat174,65,"2026-10-01 08:40:07"
601,"Chloe Martin",pat274@medconnect.local,0710000274,27,pat274,66,"2026-10-01 08:40:07"
602,"Grace Lee",pat374@medconnect.local,0710000374,21,pat374,67,"2026-10-01 08:40:07"
603,"Kabir Singh",pat474@medconnect.local,0710000474,68,pat474,68,"2026-10-01 08:40:07"
604,"Oliver Clark",pat574@medconnect.local,0710000574,62,pat574,69,"2026-10-01 08:40:07"
605,"Samuel Johnson",pat674@medconnect.local,0710000674,56,pat674,70,"2026-10-01 08:40:07"
606,"William Moore",pat774@medconnect.local,0710000774,50,pat774,71,"2026-10-01 08:40:07"
607,"Chloe Martin",pat874@medconnect.local,0710000874,44,pat874,72,"2026-10-01 08:40:07"
608,"Grace Lee",pat974@medconnect.local,0710000974,38,pat974,73,"2026-10-01 08:40:07"
609,"Usman Malik",pat1084@medconnect.local,0710001084,42,pat1084,74,"2026-10-01 08:40:07"
610,"Ishaan Gupta",pat184@medconnect.local,0710000184,43,pat184,75,"2026-10-01 08:40:07"
611,"Mateo Rodriguez",pat284@medconnect.local,0710000284,37,pat284,76,"2026-10-01 08:40:07"
612,"Quinn Taylor",pat384@medconnect.local,0710000384,31,pat384,77,"2026-10-01 08:40:07"
613,"Usman Malik",pat484@medconnect.local,0710000484,25,pat484,78,"2026-10-01 08:40:07"
614,"Aisha Khan",pat584@medconnect.local,0710000584,19,pat584,79,"2026-10-01 08:40:07"
615,"Elena Garcia",pat684@medconnect.local,0710000684,66,pat684,80,"2026-10-01 08:40:07"
616,"Ishaan Gupta",pat784@medconnect.local,0710000784,60,pat784,81,"2026-10-01 08:40:07"
617,"Mateo Rodriguez",pat884@medconnect.local,0710000884,54,pat884,82,"2026-10-01 08:40:07"
618,"Quinn Taylor",pat984@medconnect.local,0710000984,48,pat984,83,"2026-10-01 08:40:07"
619,"Grace Lee",pat1094@medconnect.local,0710001094,52,pat1094,84,"2026-10-01 08:40:07"
620,"Samuel Johnson",pat194@medconnect.local,0710000194,53,pat194,85,"2026-10-01 08:40:07"
621,"William Moore",pat294@medconnect.local,0710000294,47,pat294,86,"2026-10-01 08:40:07"
622,"Chloe Martin",pat394@medconnect.local,0710000394,41,pat394,87,"2026-10-01 08:40:07"
623,"Grace Lee",pat494@medconnect.local,0710000494,35,pat494,88,"2026-10-01 08:40:07"
624,"Kabir Singh",pat594@medconnect.local,0710000594,29,pat594,89,"2026-10-01 08:40:07"
625,"Oliver Clark",pat694@medconnect.local,0710000694,23,pat694,90,"2026-10-01 08:40:07"
626,"Samuel Johnson",pat794@medconnect.local,0710000794,70,pat794,91,"2026-10-01 08:40:07"
627,"William Moore",pat894@medconnect.local,0710000894,64,pat894,92,"2026-10-01 08:40:07"
628,"Chloe Martin",pat994@medconnect.local,0710000994,58,pat994,93,"2026-10-01 08:40:07"
629,"Nisha Patel",pat1005@medconnect.local,0710001005,69,pat1005,94,"2026-10-01 08:40:07"
630,"Ben Carter",pat105@medconnect.local,0710000105,70,pat105,95,"2026-10-01 08:40:07"
631,"Farhan Ahmed",pat205@medconnect.local,0710000205,64,pat205,96,"2026-10-01 08:40:07"
632,"Julia Brown",pat305@medconnect.local,0710000305,58,pat305,97,"2026-10-01 08:40:07"
633,"Nisha Patel",pat405@medconnect.local,0710000405,52,pat405,98,"2026-10-01 08:40:07"
634,"Riya Desai",pat505@medconnect.local,0710000505,46,pat505,99,"2026-10-01 08:40:07"
635,"Valentina Rossi",pat605@medconnect.local,0710000605,40,pat605,100,"2026-10-01 08:40:07"
636,"Ben Carter",pat705@medconnect.local,0710000705,34,pat705,101,"2026-10-01 08:40:07"
637,"Farhan Ahmed",pat805@medconnect.local,0710000805,28,pat805,102,"2026-10-01 08:40:07"
638,"Julia Brown",pat905@medconnect.local,0710000905,22,pat905,1,"2026-10-01 08:40:07"
639,"Yasmin Ali",pat1015@medconnect.local,0710001015,26,pat1015,2,"2026-10-01 08:40:07"
640,"Leah Davis",pat115@medconnect.local,0710000115,27,pat115,3,"2026-10-01 08:40:07"
641,"Pooja Menon",pat215@medconnect.local,0710000215,21,pat215,4,"2026-10-01 08:40:07"
642,"Tara Williams",pat315@medconnect.local,0710000315,68,pat315,5,"2026-10-01 08:40:07"
643,"Yasmin Ali",pat415@medconnect.local,0710000415,62,pat415,6,"2026-10-01 08:40:07"
644,"Daniel Wilson",pat515@medconnect.local,0710000515,56,pat515,7,"2026-10-01 08:40:07"
645,"Harper Smith",pat615@medconnect.local,0710000615,50,pat615,8,"2026-10-01 08:40:07"
646,"Leah Davis",pat715@medconnect.local,0710000715,44,pat715,9,"2026-10-01 08:40:07"
647,"Pooja Menon",pat815@medconnect.local,0710000815,38,pat815,10,"2026-10-01 08:40:07"
648,"Tara Williams",pat915@medconnect.local,0710000915,32,pat915,11,"2026-10-01 08:40:07"
649,"Julia Brown",pat1025@medconnect.local,0710001025,36,pat1025,12,"2026-10-01 08:40:07"
650,"Valentina Rossi",pat125@medconnect.local,0710000125,37,pat125,13,"2026-10-01 08:40:07"
651,"Ben Carter",pat225@medconnect.local,0710000225,31,pat225,14,"2026-10-01 08:40:07"
652,"Farhan Ahmed",pat325@medconnect.local,0710000325,25,pat325,15,"2026-10-01 08:40:07"
653,"Julia Brown",pat425@medconnect.local,0710000425,19,pat425,16,"2026-10-01 08:40:07"
654,"Nisha Patel",pat525@medconnect.local,0710000525,66,pat525,17,"2026-10-01 08:40:07"
655,"Riya Desai",pat625@medconnect.local,0710000625,60,pat625,18,"2026-10-01 08:40:07"
656,"Valentina Rossi",pat725@medconnect.local,0710000725,54,pat725,19,"2026-10-01 08:40:07"
657,"Ben Carter",pat825@medconnect.local,0710000825,48,pat825,20,"2026-10-01 08:40:07"
658,"Farhan Ahmed",pat925@medconnect.local,0710000925,42,pat925,21,"2026-10-01 08:40:07"
659,"Tara Williams",pat1035@medconnect.local,0710001035,46,pat1035,22,"2026-10-01 08:40:07"
660,"Harper Smith",pat135@medconnect.local,0710000135,47,pat135,23,"2026-10-01 08:40:07"
661,"Leah Davis",pat235@medconnect.local,0710000235,41,pat235,24,"2026-10-01 08:40:07"
662,"Pooja Menon",pat335@medconnect.local,0710000335,35,pat335,25,"2026-10-01 08:40:07"
663,"Tara Williams",pat435@medconnect.local,0710000435,29,pat435,26,"2026-10-01 08:40:07"
664,"Yasmin Ali",pat535@medconnect.local,0710000535,23,pat535,27,"2026-10-01 08:40:07"
665,"Daniel Wilson",pat635@medconnect.local,0710000635,70,pat635,28,"2026-10-01 08:40:07"
666,"Harper Smith",pat735@medconnect.local,0710000735,64,pat735,29,"2026-10-01 08:40:07"
667,"Leah Davis",pat835@medconnect.local,0710000835,58,pat835,30,"2026-10-01 08:40:07"
668,"Pooja Menon",pat935@medconnect.local,0710000935,52,pat935,31,"2026-10-01 08:40:07"
669,"Farhan Ahmed",pat1045@medconnect.local,0710001045,56,pat1045,32,"2026-10-01 08:40:07"
670,"Riya Desai",pat145@medconnect.local,0710000145,57,pat145,33,"2026-10-01 08:40:07"
671,"Valentina Rossi",pat245@medconnect.local,0710000245,51,pat245,34,"2026-10-01 08:40:07"
672,"Ben Carter",pat345@medconnect.local,0710000345,45,pat345,35,"2026-10-01 08:40:07"
673,"Farhan Ahmed",pat445@medconnect.local,0710000445,39,pat445,36,"2026-10-01 08:40:07"
674,"Julia Brown",pat545@medconnect.local,0710000545,33,pat545,37,"2026-10-01 08:40:07"
675,"Nisha Patel",pat645@medconnect.local,0710000645,27,pat645,38,"2026-10-01 08:40:07"
676,"Riya Desai",pat745@medconnect.local,0710000745,21,pat745,39,"2026-10-01 08:40:07"
677,"Valentina Rossi",pat845@medconnect.local,0710000845,68,pat845,40,"2026-10-01 08:40:07"
678,"Ben Carter",pat945@medconnect.local,0710000945,62,pat945,41,"2026-10-01 08:40:07"
679,"Pooja Menon",pat1055@medconnect.local,0710001055,66,pat1055,42,"2026-10-01 08:40:07"
680,"Daniel Wilson",pat155@medconnect.local,0710000155,67,pat155,43,"2026-10-01 08:40:07"
681,"Harper Smith",pat255@medconnect.local,0710000255,61,pat255,44,"2026-10-01 08:40:07"
682,"Leah Davis",pat355@medconnect.local,0710000355,55,pat355,45,"2026-10-01 08:40:07"
683,"Pooja Menon",pat455@medconnect.local,0710000455,49,pat455,46,"2026-10-01 08:40:07"
684,"Tara Williams",pat555@medconnect.local,0710000555,43,pat555,47,"2026-10-01 08:40:07"
685,"Yasmin Ali",pat655@medconnect.local,0710000655,37,pat655,48,"2026-10-01 08:40:07"
686,"Daniel Wilson",pat755@medconnect.local,0710000755,31,pat755,49,"2026-10-01 08:40:07"
687,"Harper Smith",pat855@medconnect.local,0710000855,25,pat855,50,"2026-10-01 08:40:07"
688,"Leah Davis",pat955@medconnect.local,0710000955,19,pat955,51,"2026-10-01 08:40:07"
689,"Ben Carter",pat1065@medconnect.local,0710001065,23,pat1065,52,"2026-10-01 08:40:07"
690,"Nisha Patel",pat165@medconnect.local,0710000165,24,pat165,53,"2026-10-01 08:40:07"
691,"Riya Desai",pat265@medconnect.local,0710000265,18,pat265,54,"2026-10-01 08:40:07"
692,"Valentina Rossi",pat365@medconnect.local,0710000365,65,pat365,55,"2026-10-01 08:40:07"
693,"Ben Carter",pat465@medconnect.local,0710000465,59,pat465,56,"2026-10-01 08:40:07"
694,"Farhan Ahmed",pat565@medconnect.local,0710000565,53,pat565,57,"2026-10-01 08:40:07"
695,"Julia Brown",pat665@medconnect.local,0710000665,47,pat665,58,"2026-10-01 08:40:07"
696,"Nisha Patel",pat765@medconnect.local,0710000765,41,pat765,59,"2026-10-01 08:40:07"
697,"Riya Desai",pat865@medconnect.local,0710000865,35,pat865,60,"2026-10-01 08:40:07"
698,"Valentina Rossi",pat965@medconnect.local,0710000965,29,pat965,61,"2026-10-01 08:40:07"
699,"Leah Davis",pat1075@medconnect.local,0710001075,33,pat1075,62,"2026-10-01 08:40:07"
700,"Yasmin Ali",pat175@medconnect.local,0710000175,34,pat175,63,"2026-10-01 08:40:07"
701,"Daniel Wilson",pat275@medconnect.local,0710000275,28,pat275,64,"2026-10-01 08:40:07"
702,"Harper Smith",pat375@medconnect.local,0710000375,22,pat375,65,"2026-10-01 08:40:07"
703,"Leah Davis",pat475@medconnect.local,0710000475,69,pat475,66,"2026-10-01 08:40:07"
704,"Pooja Menon",pat575@medconnect.local,0710000575,63,pat575,67,"2026-10-01 08:40:07"
705,"Tara Williams",pat675@medconnect.local,0710000675,57,pat675,68,"2026-10-01 08:40:07"
706,"Yasmin Ali",pat775@medconnect.local,0710000775,51,pat775,69,"2026-10-01 08:40:07"
707,"Daniel Wilson",pat875@medconnect.local,0710000875,45,pat875,70,"2026-10-01 08:40:07"
708,"Harper Smith",pat975@medconnect.local,0710000975,39,pat975,71,"2026-10-01 08:40:07"
709,"Valentina Rossi",pat1085@medconnect.local,0710001085,43,pat1085,72,"2026-10-01 08:40:07"
710,"Julia Brown",pat185@medconnect.local,0710000185,44,pat185,73,"2026-10-01 08:40:07"
711,"Nisha Patel",pat285@medconnect.local,0710000285,38,pat285,74,"2026-10-01 08:40:07"
712,"Riya Desai",pat385@medconnect.local,0710000385,32,pat385,75,"2026-10-01 08:40:07"
713,"Valentina Rossi",pat485@medconnect.local,0710000485,26,pat485,76,"2026-10-01 08:40:07"
714,"Ben Carter",pat585@medconnect.local,0710000585,20,pat585,77,"2026-10-01 08:40:07"
715,"Farhan Ahmed",pat685@medconnect.local,0710000685,67,pat685,78,"2026-10-01 08:40:07"
716,"Julia Brown",pat785@medconnect.local,0710000785,61,pat785,79,"2026-10-01 08:40:07"
717,"Nisha Patel",pat885@medconnect.local,0710000885,55,pat885,80,"2026-10-01 08:40:07"
718,"Riya Desai",pat985@medconnect.local,0710000985,49,pat985,81,"2026-10-01 08:40:07"
719,"Harper Smith",pat1095@medconnect.local,0710001095,53,pat1095,82,"2026-10-01 08:40:07"
720,"Tara Williams",pat195@medconnect.local,0710000195,54,pat195,83,"2026-10-01 08:40:07"
721,"Yasmin Ali",pat295@medconnect.local,0710000295,48,pat295,84,"2026-10-01 08:40:07"
722,"Daniel Wilson",pat395@medconnect.local,0710000395,42,pat395,85,"2026-10-01 08:40:07"
723,"Harper Smith",pat495@medconnect.local,0710000495,36,pat495,86,"2026-10-01 08:40:07"
724,"Leah Davis",pat595@medconnect.local,0710000595,30,pat595,87,"2026-10-01 08:40:07"
725,"Pooja Menon",pat695@medconnect.local,0710000695,24,pat695,88,"2026-10-01 08:40:07"
726,"Tara Williams",pat795@medconnect.local,0710000795,18,pat795,89,"2026-10-01 08:40:07"
727,"Yasmin Ali",pat895@medconnect.local,0710000895,65,pat895,90,"2026-10-01 08:40:07"
728,"Daniel Wilson",pat995@medconnect.local,0710000995,59,pat995,91,"2026-10-01 08:40:07"
729,"Oliver Clark",pat1006@medconnect.local,0710001006,70,pat1006,92,"2026-10-01 08:40:07"
730,"Chloe Martin",pat106@medconnect.local,0710000106,18,pat106,93,"2026-10-01 08:40:07"
731,"Grace Lee",pat206@medconnect.local,0710000206,65,pat206,94,"2026-10-01 08:40:07"
732,"Kabir Singh",pat306@medconnect.local,0710000306,59,pat306,95,"2026-10-01 08:40:07"
733,"Oliver Clark",pat406@medconnect.local,0710000406,53,pat406,96,"2026-10-01 08:40:07"
734,"Samuel Johnson",pat506@medconnect.local,0710000506,47,pat506,97,"2026-10-01 08:40:07"
735,"William Moore",pat606@medconnect.local,0710000606,41,pat606,98,"2026-10-01 08:40:07"
736,"Chloe Martin",pat706@medconnect.local,0710000706,35,pat706,99,"2026-10-01 08:40:07"
737,"Grace Lee",pat806@medconnect.local,0710000806,29,pat806,100,"2026-10-01 08:40:07"
738,"Kabir Singh",pat906@medconnect.local,0710000906,23,pat906,101,"2026-10-01 08:40:07"
739,"Aisha Khan",pat1016@medconnect.local,0710001016,27,pat1016,102,"2026-10-01 08:40:07"
740,"Mateo Rodriguez",pat116@medconnect.local,0710000116,28,pat116,1,"2026-10-01 08:40:07"
741,"Quinn Taylor",pat216@medconnect.local,0710000216,22,pat216,2,"2026-10-01 08:40:07"
742,"Usman Malik",pat316@medconnect.local,0710000316,69,pat316,3,"2026-10-01 08:40:07"
743,"Aisha Khan",pat416@medconnect.local,0710000416,63,pat416,4,"2026-10-01 08:40:07"
744,"Elena Garcia",pat516@medconnect.local,0710000516,57,pat516,5,"2026-10-01 08:40:07"
745,"Ishaan Gupta",pat616@medconnect.local,0710000616,51,pat616,6,"2026-10-01 08:40:07"
746,"Mateo Rodriguez",pat716@medconnect.local,0710000716,45,pat716,7,"2026-10-01 08:40:07"
747,"Quinn Taylor",pat816@medconnect.local,0710000816,39,pat816,8,"2026-10-01 08:40:07"
748,"Usman Malik",pat916@medconnect.local,0710000916,33,pat916,9,"2026-10-01 08:40:07"
749,"Kabir Singh",pat1026@medconnect.local,0710001026,37,pat1026,10,"2026-10-01 08:40:07"
750,"William Moore",pat126@medconnect.local,0710000126,38,pat126,11,"2026-10-01 08:40:07"
751,"Chloe Martin",pat226@medconnect.local,0710000226,32,pat226,12,"2026-10-01 08:40:07"
752,"Grace Lee",pat326@medconnect.local,0710000326,26,pat326,13,"2026-10-01 08:40:07"
753,"Kabir Singh",pat426@medconnect.local,0710000426,20,pat426,14,"2026-10-01 08:40:07"
754,"Oliver Clark",pat526@medconnect.local,0710000526,67,pat526,15,"2026-10-01 08:40:07"
755,"Samuel Johnson",pat626@medconnect.local,0710000626,61,pat626,16,"2026-10-01 08:40:07"
756,"William Moore",pat726@medconnect.local,0710000726,55,pat726,17,"2026-10-01 08:40:07"
757,"Chloe Martin",pat826@medconnect.local,0710000826,49,pat826,18,"2026-10-01 08:40:07"
758,"Grace Lee",pat926@medconnect.local,0710000926,43,pat926,19,"2026-10-01 08:40:07"
759,"Usman Malik",pat1036@medconnect.local,0710001036,47,pat1036,20,"2026-10-01 08:40:07"
760,"Ishaan Gupta",pat136@medconnect.local,0710000136,48,pat136,21,"2026-10-01 08:40:07"
761,"Mateo Rodriguez",pat236@medconnect.local,0710000236,42,pat236,22,"2026-10-01 08:40:07"
762,"Quinn Taylor",pat336@medconnect.local,0710000336,36,pat336,23,"2026-10-01 08:40:07"
763,"Usman Malik",pat436@medconnect.local,0710000436,30,pat436,24,"2026-10-01 08:40:07"
764,"Aisha Khan",pat536@medconnect.local,0710000536,24,pat536,25,"2026-10-01 08:40:07"
765,"Elena Garcia",pat636@medconnect.local,0710000636,18,pat636,26,"2026-10-01 08:40:07"
766,"Ishaan Gupta",pat736@medconnect.local,0710000736,65,pat736,27,"2026-10-01 08:40:07"
767,"Mateo Rodriguez",pat836@medconnect.local,0710000836,59,pat836,28,"2026-10-01 08:40:07"
768,"Quinn Taylor",pat936@medconnect.local,0710000936,53,pat936,29,"2026-10-01 08:40:07"
769,"Grace Lee",pat1046@medconnect.local,0710001046,57,pat1046,30,"2026-10-01 08:40:07"
770,"Samuel Johnson",pat146@medconnect.local,0710000146,58,pat146,31,"2026-10-01 08:40:07"
771,"William Moore",pat246@medconnect.local,0710000246,52,pat246,32,"2026-10-01 08:40:07"
772,"Chloe Martin",pat346@medconnect.local,0710000346,46,pat346,33,"2026-10-01 08:40:07"
773,"Grace Lee",pat446@medconnect.local,0710000446,40,pat446,34,"2026-10-01 08:40:07"
774,"Kabir Singh",pat546@medconnect.local,0710000546,34,pat546,35,"2026-10-01 08:40:07"
775,"Oliver Clark",pat646@medconnect.local,0710000646,28,pat646,36,"2026-10-01 08:40:07"
776,"Samuel Johnson",pat746@medconnect.local,0710000746,22,pat746,37,"2026-10-01 08:40:07"
777,"William Moore",pat846@medconnect.local,0710000846,69,pat846,38,"2026-10-01 08:40:07"
778,"Chloe Martin",pat946@medconnect.local,0710000946,63,pat946,39,"2026-10-01 08:40:07"
779,"Quinn Taylor",pat1056@medconnect.local,0710001056,67,pat1056,40,"2026-10-01 08:40:07"
780,"Elena Garcia",pat156@medconnect.local,0710000156,68,pat156,41,"2026-10-01 08:40:07"
781,"Ishaan Gupta",pat256@medconnect.local,0710000256,62,pat256,42,"2026-10-01 08:40:07"
782,"Mateo Rodriguez",pat356@medconnect.local,0710000356,56,pat356,43,"2026-10-01 08:40:07"
783,"Quinn Taylor",pat456@medconnect.local,0710000456,50,pat456,44,"2026-10-01 08:40:07"
784,"Usman Malik",pat556@medconnect.local,0710000556,44,pat556,45,"2026-10-01 08:40:07"
785,"Aisha Khan",pat656@medconnect.local,0710000656,38,pat656,46,"2026-10-01 08:40:07"
786,"Elena Garcia",pat756@medconnect.local,0710000756,32,pat756,47,"2026-10-01 08:40:07"
787,"Ishaan Gupta",pat856@medconnect.local,0710000856,26,pat856,48,"2026-10-01 08:40:07"
788,"Mateo Rodriguez",pat956@medconnect.local,0710000956,20,pat956,49,"2026-10-01 08:40:07"
789,"Chloe Martin",pat1066@medconnect.local,0710001066,24,pat1066,50,"2026-10-01 08:40:07"
790,"Oliver Clark",pat166@medconnect.local,0710000166,25,pat166,51,"2026-10-01 08:40:07"
791,"Samuel Johnson",pat266@medconnect.local,0710000266,19,pat266,52,"2026-10-01 08:40:07"
792,"William Moore",pat366@medconnect.local,0710000366,66,pat366,53,"2026-10-01 08:40:07"
793,"Chloe Martin",pat466@medconnect.local,0710000466,60,pat466,54,"2026-10-01 08:40:07"
794,"Grace Lee",pat566@medconnect.local,0710000566,54,pat566,55,"2026-10-01 08:40:07"
795,"Kabir Singh",pat666@medconnect.local,0710000666,48,pat666,56,"2026-10-01 08:40:07"
796,"Oliver Clark",pat766@medconnect.local,0710000766,42,pat766,57,"2026-10-01 08:40:07"
797,"Samuel Johnson",pat866@medconnect.local,0710000866,36,pat866,58,"2026-10-01 08:40:07"
798,"William Moore",pat966@medconnect.local,0710000966,30,pat966,59,"2026-10-01 08:40:07"
799,"Mateo Rodriguez",pat1076@medconnect.local,0710001076,34,pat1076,60,"2026-10-01 08:40:07"
800,"Aisha Khan",pat176@medconnect.local,0710000176,35,pat176,61,"2026-10-01 08:40:07"
801,"Elena Garcia",pat276@medconnect.local,0710000276,29,pat276,62,"2026-10-01 08:40:07"
802,"Ishaan Gupta",pat376@medconnect.local,0710000376,23,pat376,63,"2026-10-01 08:40:07"
803,"Mateo Rodriguez",pat476@medconnect.local,0710000476,70,pat476,64,"2026-10-01 08:40:07"
804,"Quinn Taylor",pat576@medconnect.local,0710000576,64,pat576,65,"2026-10-01 08:40:07"
805,"Usman Malik",pat676@medconnect.local,0710000676,58,pat676,66,"2026-10-01 08:40:07"
806,"Aisha Khan",pat776@medconnect.local,0710000776,52,pat776,67,"2026-10-01 08:40:07"
807,"Elena Garcia",pat876@medconnect.local,0710000876,46,pat876,68,"2026-10-01 08:40:07"
808,"Ishaan Gupta",pat976@medconnect.local,0710000976,40,pat976,69,"2026-10-01 08:40:07"
809,"William Moore",pat1086@medconnect.local,0710001086,44,pat1086,70,"2026-10-01 08:40:07"
810,"Kabir Singh",pat186@medconnect.local,0710000186,45,pat186,71,"2026-10-01 08:40:07"
811,"Oliver Clark",pat286@medconnect.local,0710000286,39,pat286,72,"2026-10-01 08:40:07"
812,"Samuel Johnson",pat386@medconnect.local,0710000386,33,pat386,73,"2026-10-01 08:40:07"
813,"William Moore",pat486@medconnect.local,0710000486,27,pat486,74,"2026-10-01 08:40:07"
814,"Chloe Martin",pat586@medconnect.local,0710000586,21,pat586,75,"2026-10-01 08:40:07"
815,"Grace Lee",pat686@medconnect.local,0710000686,68,pat686,76,"2026-10-01 08:40:07"
816,"Kabir Singh",pat786@medconnect.local,0710000786,62,pat786,77,"2026-10-01 08:40:07"
817,"Oliver Clark",pat886@medconnect.local,0710000886,56,pat886,78,"2026-10-01 08:40:07"
818,"Samuel Johnson",pat986@medconnect.local,0710000986,50,pat986,79,"2026-10-01 08:40:07"
819,"Ishaan Gupta",pat1096@medconnect.local,0710001096,54,pat1096,80,"2026-10-01 08:40:07"
820,"Usman Malik",pat196@medconnect.local,0710000196,55,pat196,81,"2026-10-01 08:40:07"
821,"Aisha Khan",pat296@medconnect.local,0710000296,49,pat296,82,"2026-10-01 08:40:07"
822,"Elena Garcia",pat396@medconnect.local,0710000396,43,pat396,83,"2026-10-01 08:40:07"
823,"Ishaan Gupta",pat496@medconnect.local,0710000496,37,pat496,84,"2026-10-01 08:40:07"
824,"Mateo Rodriguez",pat596@medconnect.local,0710000596,31,pat596,85,"2026-10-01 08:40:07"
825,"Quinn Taylor",pat696@medconnect.local,0710000696,25,pat696,86,"2026-10-01 08:40:07"
826,"Usman Malik",pat796@medconnect.local,0710000796,19,pat796,87,"2026-10-01 08:40:07"
827,"Aisha Khan",pat896@medconnect.local,0710000896,66,pat896,88,"2026-10-01 08:40:07"
828,"Elena Garcia",pat996@medconnect.local,0710000996,60,pat996,89,"2026-10-01 08:40:07"
829,"Pooja Menon",pat1007@medconnect.local,0710001007,18,pat1007,90,"2026-10-01 08:40:07"
830,"Daniel Wilson",pat107@medconnect.local,0710000107,19,pat107,91,"2026-10-01 08:40:07"
831,"Harper Smith",pat207@medconnect.local,0710000207,66,pat207,92,"2026-10-01 08:40:07"
832,"Leah Davis",pat307@medconnect.local,0710000307,60,pat307,93,"2026-10-01 08:40:07"
833,"Pooja Menon",pat407@medconnect.local,0710000407,54,pat407,94,"2026-10-01 08:40:07"
834,"Tara Williams",pat507@medconnect.local,0710000507,48,pat507,95,"2026-10-01 08:40:07"
835,"Yasmin Ali",pat607@medconnect.local,0710000607,42,pat607,96,"2026-10-01 08:40:07"
836,"Daniel Wilson",pat707@medconnect.local,0710000707,36,pat707,97,"2026-10-01 08:40:07"
837,"Harper Smith",pat807@medconnect.local,0710000807,30,pat807,98,"2026-10-01 08:40:07"
838,"Leah Davis",pat907@medconnect.local,0710000907,24,pat907,99,"2026-10-01 08:40:07"
839,"Ben Carter",pat1017@medconnect.local,0710001017,28,pat1017,100,"2026-10-01 08:40:07"
840,"Nisha Patel",pat117@medconnect.local,0710000117,29,pat117,101,"2026-10-01 08:40:07"
841,"Riya Desai",pat217@medconnect.local,0710000217,23,pat217,102,"2026-10-01 08:40:07"
842,"Valentina Rossi",pat317@medconnect.local,0710000317,70,pat317,1,"2026-10-01 08:40:07"
843,"Ben Carter",pat417@medconnect.local,0710000417,64,pat417,2,"2026-10-01 08:40:07"
844,"Farhan Ahmed",pat517@medconnect.local,0710000517,58,pat517,3,"2026-10-01 08:40:07"
845,"Julia Brown",pat617@medconnect.local,0710000617,52,pat617,4,"2026-10-01 08:40:07"
846,"Nisha Patel",pat717@medconnect.local,0710000717,46,pat717,5,"2026-10-01 08:40:07"
847,"Riya Desai",pat817@medconnect.local,0710000817,40,pat817,6,"2026-10-01 08:40:07"
848,"Valentina Rossi",pat917@medconnect.local,0710000917,34,pat917,7,"2026-10-01 08:40:07"
849,"Leah Davis",pat1027@medconnect.local,0710001027,38,pat1027,8,"2026-10-01 08:40:07"
850,"Yasmin Ali",pat127@medconnect.local,0710000127,39,pat127,9,"2026-10-01 08:40:07"
851,"Daniel Wilson",pat227@medconnect.local,0710000227,33,pat227,10,"2026-10-01 08:40:07"
852,"Harper Smith",pat327@medconnect.local,0710000327,27,pat327,11,"2026-10-01 08:40:07"
853,"Leah Davis",pat427@medconnect.local,0710000427,21,pat427,12,"2026-10-01 08:40:07"
854,"Pooja Menon",pat527@medconnect.local,0710000527,68,pat527,13,"2026-10-01 08:40:07"
855,"Tara Williams",pat627@medconnect.local,0710000627,62,pat627,14,"2026-10-01 08:40:07"
856,"Yasmin Ali",pat727@medconnect.local,0710000727,56,pat727,15,"2026-10-01 08:40:07"
857,"Daniel Wilson",pat827@medconnect.local,0710000827,50,pat827,16,"2026-10-01 08:40:07"
858,"Harper Smith",pat927@medconnect.local,0710000927,44,pat927,17,"2026-10-01 08:40:07"
859,"Valentina Rossi",pat1037@medconnect.local,0710001037,48,pat1037,18,"2026-10-01 08:40:07"
860,"Julia Brown",pat137@medconnect.local,0710000137,49,pat137,19,"2026-10-01 08:40:07"
861,"Nisha Patel",pat237@medconnect.local,0710000237,43,pat237,20,"2026-10-01 08:40:07"
862,"Riya Desai",pat337@medconnect.local,0710000337,37,pat337,21,"2026-10-01 08:40:07"
863,"Valentina Rossi",pat437@medconnect.local,0710000437,31,pat437,22,"2026-10-01 08:40:07"
864,"Ben Carter",pat537@medconnect.local,0710000537,25,pat537,23,"2026-10-01 08:40:07"
865,"Farhan Ahmed",pat637@medconnect.local,0710000637,19,pat637,24,"2026-10-01 08:40:07"
866,"Julia Brown",pat737@medconnect.local,0710000737,66,pat737,25,"2026-10-01 08:40:07"
867,"Nisha Patel",pat837@medconnect.local,0710000837,60,pat837,26,"2026-10-01 08:40:07"
868,"Riya Desai",pat937@medconnect.local,0710000937,54,pat937,27,"2026-10-01 08:40:07"
869,"Harper Smith",pat1047@medconnect.local,0710001047,58,pat1047,28,"2026-10-01 08:40:07"
870,"Tara Williams",pat147@medconnect.local,0710000147,59,pat147,29,"2026-10-01 08:40:07"
871,"Yasmin Ali",pat247@medconnect.local,0710000247,53,pat247,30,"2026-10-01 08:40:07"
872,"Daniel Wilson",pat347@medconnect.local,0710000347,47,pat347,31,"2026-10-01 08:40:07"
873,"Harper Smith",pat447@medconnect.local,0710000447,41,pat447,32,"2026-10-01 08:40:07"
874,"Leah Davis",pat547@medconnect.local,0710000547,35,pat547,33,"2026-10-01 08:40:07"
875,"Pooja Menon",pat647@medconnect.local,0710000647,29,pat647,34,"2026-10-01 08:40:07"
876,"Tara Williams",pat747@medconnect.local,0710000747,23,pat747,35,"2026-10-01 08:40:07"
877,"Yasmin Ali",pat847@medconnect.local,0710000847,70,pat847,36,"2026-10-01 08:40:07"
878,"Daniel Wilson",pat947@medconnect.local,0710000947,64,pat947,37,"2026-10-01 08:40:07"
879,"Riya Desai",pat1057@medconnect.local,0710001057,68,pat1057,38,"2026-10-01 08:40:07"
880,"Farhan Ahmed",pat157@medconnect.local,0710000157,69,pat157,39,"2026-10-01 08:40:07"
881,"Julia Brown",pat257@medconnect.local,0710000257,63,pat257,40,"2026-10-01 08:40:07"
882,"Nisha Patel",pat357@medconnect.local,0710000357,57,pat357,41,"2026-10-01 08:40:07"
883,"Riya Desai",pat457@medconnect.local,0710000457,51,pat457,42,"2026-10-01 08:40:07"
884,"Valentina Rossi",pat557@medconnect.local,0710000557,45,pat557,43,"2026-10-01 08:40:07"
885,"Ben Carter",pat657@medconnect.local,0710000657,39,pat657,44,"2026-10-01 08:40:07"
886,"Farhan Ahmed",pat757@medconnect.local,0710000757,33,pat757,45,"2026-10-01 08:40:07"
887,"Julia Brown",pat857@medconnect.local,0710000857,27,pat857,46,"2026-10-01 08:40:07"
888,"Nisha Patel",pat957@medconnect.local,0710000957,21,pat957,47,"2026-10-01 08:40:07"
889,"Daniel Wilson",pat1067@medconnect.local,0710001067,25,pat1067,48,"2026-10-01 08:40:07"
890,"Pooja Menon",pat167@medconnect.local,0710000167,26,pat167,49,"2026-10-01 08:40:07"
891,"Tara Williams",pat267@medconnect.local,0710000267,20,pat267,50,"2026-10-01 08:40:07"
892,"Yasmin Ali",pat367@medconnect.local,0710000367,67,pat367,51,"2026-10-01 08:40:07"
893,"Daniel Wilson",pat467@medconnect.local,0710000467,61,pat467,52,"2026-10-01 08:40:07"
894,"Harper Smith",pat567@medconnect.local,0710000567,55,pat567,53,"2026-10-01 08:40:07"
895,"Leah Davis",pat667@medconnect.local,0710000667,49,pat667,54,"2026-10-01 08:40:07"
896,"Pooja Menon",pat767@medconnect.local,0710000767,43,pat767,55,"2026-10-01 08:40:07"
897,"Tara Williams",pat867@medconnect.local,0710000867,37,pat867,56,"2026-10-01 08:40:07"
898,"Yasmin Ali",pat967@medconnect.local,0710000967,31,pat967,57,"2026-10-01 08:40:07"
899,"Nisha Patel",pat1077@medconnect.local,0710001077,35,pat1077,58,"2026-10-01 08:40:07"
900,"Ben Carter",pat177@medconnect.local,0710000177,36,pat177,59,"2026-10-01 08:40:07"
901,"Farhan Ahmed",pat277@medconnect.local,0710000277,30,pat277,60,"2026-10-01 08:40:07"
902,"Julia Brown",pat377@medconnect.local,0710000377,24,pat377,61,"2026-10-01 08:40:07"
903,"Nisha Patel",pat477@medconnect.local,0710000477,18,pat477,62,"2026-10-01 08:40:07"
904,"Riya Desai",pat577@medconnect.local,0710000577,65,pat577,63,"2026-10-01 08:40:07"
905,"Valentina Rossi",pat677@medconnect.local,0710000677,59,pat677,64,"2026-10-01 08:40:07"
906,"Ben Carter",pat777@medconnect.local,0710000777,53,pat777,65,"2026-10-01 08:40:07"
907,"Farhan Ahmed",pat877@medconnect.local,0710000877,47,pat877,66,"2026-10-01 08:40:07"
908,"Julia Brown",pat977@medconnect.local,0710000977,41,pat977,67,"2026-10-01 08:40:07"
909,"Yasmin Ali",pat1087@medconnect.local,0710001087,45,pat1087,68,"2026-10-01 08:40:07"
910,"Leah Davis",pat187@medconnect.local,0710000187,46,pat187,69,"2026-10-01 08:40:07"
911,"Pooja Menon",pat287@medconnect.local,0710000287,40,pat287,70,"2026-10-01 08:40:07"
912,"Tara Williams",pat387@medconnect.local,0710000387,34,pat387,71,"2026-10-01 08:40:07"
913,"Yasmin Ali",pat487@medconnect.local,0710000487,28,pat487,72,"2026-10-01 08:40:07"
914,"Daniel Wilson",pat587@medconnect.local,0710000587,22,pat587,73,"2026-10-01 08:40:07"
915,"Harper Smith",pat687@medconnect.local,0710000687,69,pat687,74,"2026-10-01 08:40:07"
916,"Leah Davis",pat787@medconnect.local,0710000787,63,pat787,75,"2026-10-01 08:40:07"
917,"Pooja Menon",pat887@medconnect.local,0710000887,57,pat887,76,"2026-10-01 08:40:07"
918,"Tara Williams",pat987@medconnect.local,0710000987,51,pat987,77,"2026-10-01 08:40:07"
919,"Julia Brown",pat1097@medconnect.local,0710001097,55,pat1097,78,"2026-10-01 08:40:07"
920,"Valentina Rossi",pat197@medconnect.local,0710000197,56,pat197,79,"2026-10-01 08:40:07"
921,"Ben Carter",pat297@medconnect.local,0710000297,50,pat297,80,"2026-10-01 08:40:07"
922,"Farhan Ahmed",pat397@medconnect.local,0710000397,44,pat397,81,"2026-10-01 08:40:07"
923,"Julia Brown",pat497@medconnect.local,0710000497,38,pat497,82,"2026-10-01 08:40:07"
924,"Nisha Patel",pat597@medconnect.local,0710000597,32,pat597,83,"2026-10-01 08:40:07"
925,"Riya Desai",pat697@medconnect.local,0710000697,26,pat697,84,"2026-10-01 08:40:07"
926,"Valentina Rossi",pat797@medconnect.local,0710000797,20,pat797,85,"2026-10-01 08:40:07"
927,"Ben Carter",pat897@medconnect.local,0710000897,67,pat897,86,"2026-10-01 08:40:07"
928,"Farhan Ahmed",pat997@medconnect.local,0710000997,61,pat997,87,"2026-10-01 08:40:07"
929,"Quinn Taylor",pat1008@medconnect.local,0710001008,19,pat1008,88,"2026-10-01 08:40:07"
930,"Elena Garcia",pat108@medconnect.local,0710000108,20,pat108,89,"2026-10-01 08:40:07"
931,"Ishaan Gupta",pat208@medconnect.local,0710000208,67,pat208,90,"2026-10-01 08:40:07"
932,"Mateo Rodriguez",pat308@medconnect.local,0710000308,61,pat308,91,"2026-10-01 08:40:07"
933,"Quinn Taylor",pat408@medconnect.local,0710000408,55,pat408,92,"2026-10-01 08:40:07"
934,"Usman Malik",pat508@medconnect.local,0710000508,49,pat508,93,"2026-10-01 08:40:07"
935,"Aisha Khan",pat608@medconnect.local,0710000608,43,pat608,94,"2026-10-01 08:40:07"
936,"Elena Garcia",pat708@medconnect.local,0710000708,37,pat708,95,"2026-10-01 08:40:07"
937,"Ishaan Gupta",pat808@medconnect.local,0710000808,31,pat808,96,"2026-10-01 08:40:07"
938,"Mateo Rodriguez",pat908@medconnect.local,0710000908,25,pat908,97,"2026-10-01 08:40:07"
939,"Chloe Martin",pat1018@medconnect.local,0710001018,29,pat1018,98,"2026-10-01 08:40:07"
940,"Oliver Clark",pat118@medconnect.local,0710000118,30,pat118,99,"2026-10-01 08:40:07"
941,"Samuel Johnson",pat218@medconnect.local,0710000218,24,pat218,100,"2026-10-01 08:40:07"
942,"William Moore",pat318@medconnect.local,0710000318,18,pat318,101,"2026-10-01 08:40:07"
943,"Chloe Martin",pat418@medconnect.local,0710000418,65,pat418,102,"2026-10-01 08:40:07"
944,"Grace Lee",pat518@medconnect.local,0710000518,59,pat518,1,"2026-10-01 08:40:07"
945,"Kabir Singh",pat618@medconnect.local,0710000618,53,pat618,2,"2026-10-01 08:40:07"
946,"Oliver Clark",pat718@medconnect.local,0710000718,47,pat718,3,"2026-10-01 08:40:07"
947,"Samuel Johnson",pat818@medconnect.local,0710000818,41,pat818,4,"2026-10-01 08:40:07"
948,"William Moore",pat918@medconnect.local,0710000918,35,pat918,5,"2026-10-01 08:40:07"
949,"Mateo Rodriguez",pat1028@medconnect.local,0710001028,39,pat1028,6,"2026-10-01 08:40:07"
950,"Aisha Khan",pat128@medconnect.local,0710000128,40,pat128,7,"2026-10-01 08:40:07"
951,"Elena Garcia",pat228@medconnect.local,0710000228,34,pat228,8,"2026-10-01 08:40:07"
952,"Ishaan Gupta",pat328@medconnect.local,0710000328,28,pat328,9,"2026-10-01 08:40:07"
953,"Mateo Rodriguez",pat428@medconnect.local,0710000428,22,pat428,10,"2026-10-01 08:40:07"
954,"Quinn Taylor",pat528@medconnect.local,0710000528,69,pat528,11,"2026-10-01 08:40:07"
955,"Usman Malik",pat628@medconnect.local,0710000628,63,pat628,12,"2026-10-01 08:40:07"
956,"Aisha Khan",pat728@medconnect.local,0710000728,57,pat728,13,"2026-10-01 08:40:07"
957,"Elena Garcia",pat828@medconnect.local,0710000828,51,pat828,14,"2026-10-01 08:40:07"
958,"Ishaan Gupta",pat928@medconnect.local,0710000928,45,pat928,15,"2026-10-01 08:40:07"
959,"William Moore",pat1038@medconnect.local,0710001038,49,pat1038,16,"2026-10-01 08:40:07"
960,"Kabir Singh",pat138@medconnect.local,0710000138,50,pat138,17,"2026-10-01 08:40:07"
961,"Oliver Clark",pat238@medconnect.local,0710000238,44,pat238,18,"2026-10-01 08:40:07"
962,"Samuel Johnson",pat338@medconnect.local,0710000338,38,pat338,19,"2026-10-01 08:40:07"
963,"William Moore",pat438@medconnect.local,0710000438,32,pat438,20,"2026-10-01 08:40:07"
964,"Chloe Martin",pat538@medconnect.local,0710000538,26,pat538,21,"2026-10-01 08:40:07"
965,"Grace Lee",pat638@medconnect.local,0710000638,20,pat638,22,"2026-10-01 08:40:07"
966,"Kabir Singh",pat738@medconnect.local,0710000738,67,pat738,23,"2026-10-01 08:40:07"
967,"Oliver Clark",pat838@medconnect.local,0710000838,61,pat838,24,"2026-10-01 08:40:07"
968,"Samuel Johnson",pat938@medconnect.local,0710000938,55,pat938,25,"2026-10-01 08:40:07"
969,"Ishaan Gupta",pat1048@medconnect.local,0710001048,59,pat1048,26,"2026-10-01 08:40:07"
970,"Usman Malik",pat148@medconnect.local,0710000148,60,pat148,27,"2026-10-01 08:40:07"
971,"Aisha Khan",pat248@medconnect.local,0710000248,54,pat248,28,"2026-10-01 08:40:07"
972,"Elena Garcia",pat348@medconnect.local,0710000348,48,pat348,29,"2026-10-01 08:40:07"
973,"Ishaan Gupta",pat448@medconnect.local,0710000448,42,pat448,30,"2026-10-01 08:40:07"
974,"Mateo Rodriguez",pat548@medconnect.local,0710000548,36,pat548,31,"2026-10-01 08:40:07"
975,"Quinn Taylor",pat648@medconnect.local,0710000648,30,pat648,32,"2026-10-01 08:40:07"
976,"Usman Malik",pat748@medconnect.local,0710000748,24,pat748,33,"2026-10-01 08:40:07"
977,"Aisha Khan",pat848@medconnect.local,0710000848,18,pat848,34,"2026-10-01 08:40:07"
978,"Elena Garcia",pat948@medconnect.local,0710000948,65,pat948,35,"2026-10-01 08:40:07"
979,"Samuel Johnson",pat1058@medconnect.local,0710001058,69,pat1058,36,"2026-10-01 08:40:07"
980,"Grace Lee",pat158@medconnect.local,0710000158,70,pat158,37,"2026-10-01 08:40:07"
981,"Kabir Singh",pat258@medconnect.local,0710000258,64,pat258,38,"2026-10-01 08:40:07"
982,"Oliver Clark",pat358@medconnect.local,0710000358,58,pat358,39,"2026-10-01 08:40:07"
983,"Samuel Johnson",pat458@medconnect.local,0710000458,52,pat458,40,"2026-10-01 08:40:07"
984,"William Moore",pat558@medconnect.local,0710000558,46,pat558,41,"2026-10-01 08:40:07"
985,"Chloe Martin",pat658@medconnect.local,0710000658,40,pat658,42,"2026-10-01 08:40:07"
986,"Grace Lee",pat758@medconnect.local,0710000758,34,pat758,43,"2026-10-01 08:40:07"
987,"Kabir Singh",pat858@medconnect.local,0710000858,28,pat858,44,"2026-10-01 08:40:07"
988,"Oliver Clark",pat958@medconnect.local,0710000958,22,pat958,45,"2026-10-01 08:40:07"
989,"Elena Garcia",pat1068@medconnect.local,0710001068,26,pat1068,46,"2026-10-01 08:40:07"
990,"Quinn Taylor",pat168@medconnect.local,0710000168,27,pat168,47,"2026-10-01 08:40:07"
991,"Usman Malik",pat268@medconnect.local,0710000268,21,pat268,48,"2026-10-01 08:40:07"
992,"Aisha Khan",pat368@medconnect.local,0710000368,68,pat368,49,"2026-10-01 08:40:07"
993,"Elena Garcia",pat468@medconnect.local,0710000468,62,pat468,50,"2026-10-01 08:40:07"
994,"Ishaan Gupta",pat568@medconnect.local,0710000568,56,pat568,51,"2026-10-01 08:40:07"
995,"Mateo Rodriguez",pat668@medconnect.local,0710000668,50,pat668,52,"2026-10-01 08:40:07"
996,"Quinn Taylor",pat768@medconnect.local,0710000768,44,pat768,53,"2026-10-01 08:40:07"
997,"Usman Malik",pat868@medconnect.local,0710000868,38,pat868,54,"2026-10-01 08:40:07"
998,"Aisha Khan",pat968@medconnect.local,0710000968,32,pat968,55,"2026-10-01 08:40:07"
999,"Oliver Clark",pat1078@medconnect.local,0710001078,36,pat1078,56,"2026-10-01 08:40:07"
1000,"Chloe Martin",pat178@medconnect.local,0710000178,37,pat178,57,"2026-10-01 08:40:07"
1001,"Grace Lee",pat278@medconnect.local,0710000278,31,pat278,58,"2026-10-01 08:40:07"
1002,"Kabir Singh",pat378@medconnect.local,0710000378,25,pat378,59,"2026-10-01 08:40:07"
1003,"Oliver Clark",pat478@medconnect.local,0710000478,19,pat478,60,"2026-10-01 08:40:07"
1004,"Samuel Johnson",pat578@medconnect.local,0710000578,66,pat578,61,"2026-10-01 08:40:07"
1005,"William Moore",pat678@medconnect.local,0710000678,60,pat678,62,"2026-10-01 08:40:07"
1006,"Chloe Martin",pat778@medconnect.local,0710000778,54,pat778,63,"2026-10-01 08:40:07"
1007,"Grace Lee",pat878@medconnect.local,0710000878,48,pat878,64,"2026-10-01 08:40:07"
1008,"Kabir Singh",pat978@medconnect.local,0710000978,42,pat978,65,"2026-10-01 08:40:07"
1009,"Aisha Khan",pat1088@medconnect.local,0710001088,46,pat1088,66,"2026-10-01 08:40:07"
1010,"Mateo Rodriguez",pat188@medconnect.local,0710000188,47,pat188,67,"2026-10-01 08:40:07"
1011,"Quinn Taylor",pat288@medconnect.local,0710000288,41,pat288,68,"2026-10-01 08:40:07"
1012,"Usman Malik",pat388@medconnect.local,0710000388,35,pat388,69,"2026-10-01 08:40:07"
1013,"Aisha Khan",pat488@medconnect.local,0710000488,29,pat488,70,"2026-10-01 08:40:07"
1014,"Elena Garcia",pat588@medconnect.local,0710000588,23,pat588,71,"2026-10-01 08:40:07"
1015,"Ishaan Gupta",pat688@medconnect.local,0710000688,70,pat688,72,"2026-10-01 08:40:07"
1016,"Mateo Rodriguez",pat788@medconnect.local,0710000788,64,pat788,73,"2026-10-01 08:40:07"
1017,"Quinn Taylor",pat888@medconnect.local,0710000888,58,pat888,74,"2026-10-01 08:40:07"
1018,"Usman Malik",pat988@medconnect.local,0710000988,52,pat988,75,"2026-10-01 08:40:07"
1019,"Kabir Singh",pat1098@medconnect.local,0710001098,56,pat1098,76,"2026-10-01 08:40:07"
1020,"William Moore",pat198@medconnect.local,0710000198,57,pat198,77,"2026-10-01 08:40:07"
1021,"Chloe Martin",pat298@medconnect.local,0710000298,51,pat298,78,"2026-10-01 08:40:07"
1022,"Grace Lee",pat398@medconnect.local,0710000398,45,pat398,79,"2026-10-01 08:40:07"
1023,"Kabir Singh",pat498@medconnect.local,0710000498,39,pat498,80,"2026-10-01 08:40:07"
1024,"Oliver Clark",pat598@medconnect.local,0710000598,33,pat598,81,"2026-10-01 08:40:07"
1025,"Samuel Johnson",pat698@medconnect.local,0710000698,27,pat698,82,"2026-10-01 08:40:07"
1026,"William Moore",pat798@medconnect.local,0710000798,21,pat798,83,"2026-10-01 08:40:07"
1027,"Chloe Martin",pat898@medconnect.local,0710000898,68,pat898,84,"2026-10-01 08:40:07"
1028,"Grace Lee",pat998@medconnect.local,0710000998,62,pat998,85,"2026-10-01 08:40:07"
1029,"Riya Desai",pat1009@medconnect.local,0710001009,20,pat1009,86,"2026-10-01 08:40:07"
1030,"Farhan Ahmed",pat109@medconnect.local,0710000109,21,pat109,87,"2026-10-01 08:40:07"
1031,"Julia Brown",pat209@medconnect.local,0710000209,68,pat209,88,"2026-10-01 08:40:07"
1032,"Nisha Patel",pat309@medconnect.local,0710000309,62,pat309,89,"2026-10-01 08:40:07"
1033,"Riya Desai",pat409@medconnect.local,0710000409,56,pat409,90,"2026-10-01 08:40:07"
1034,"Valentina Rossi",pat509@medconnect.local,0710000509,50,pat509,91,"2026-10-01 08:40:07"
1035,"Ben Carter",pat609@medconnect.local,0710000609,44,pat609,92,"2026-10-01 08:40:07"
1036,"Farhan Ahmed",pat709@medconnect.local,0710000709,38,pat709,93,"2026-10-01 08:40:07"
1037,"Julia Brown",pat809@medconnect.local,0710000809,32,pat809,94,"2026-10-01 08:40:07"
1038,"Nisha Patel",pat909@medconnect.local,0710000909,26,pat909,95,"2026-10-01 08:40:07"
1039,"Daniel Wilson",pat1019@medconnect.local,0710001019,30,pat1019,96,"2026-10-01 08:40:07"
1040,"Pooja Menon",pat119@medconnect.local,0710000119,31,pat119,97,"2026-10-01 08:40:07"
1041,"Tara Williams",pat219@medconnect.local,0710000219,25,pat219,98,"2026-10-01 08:40:07"
1042,"Yasmin Ali",pat319@medconnect.local,0710000319,19,pat319,99,"2026-10-01 08:40:07"
1043,"Daniel Wilson",pat419@medconnect.local,0710000419,66,pat419,100,"2026-10-01 08:40:07"
1044,"Harper Smith",pat519@medconnect.local,0710000519,60,pat519,101,"2026-10-01 08:40:07"
1045,"Leah Davis",pat619@medconnect.local,0710000619,54,pat619,102,"2026-10-01 08:40:07"
1046,"Pooja Menon",pat719@medconnect.local,0710000719,48,pat719,1,"2026-10-01 08:40:07"
1047,"Tara Williams",pat819@medconnect.local,0710000819,42,pat819,2,"2026-10-01 08:40:07"
1048,"Yasmin Ali",pat919@medconnect.local,0710000919,36,pat919,3,"2026-10-01 08:40:07"
1049,"Nisha Patel",pat1029@medconnect.local,0710001029,40,pat1029,4,"2026-10-01 08:40:07"
1050,"Ben Carter",pat129@medconnect.local,0710000129,41,pat129,5,"2026-10-01 08:40:07"
1051,"Farhan Ahmed",pat229@medconnect.local,0710000229,35,pat229,6,"2026-10-01 08:40:07"
1052,"Julia Brown",pat329@medconnect.local,0710000329,29,pat329,7,"2026-10-01 08:40:07"
1053,"Nisha Patel",pat429@medconnect.local,0710000429,23,pat429,8,"2026-10-01 08:40:07"
1054,"Riya Desai",pat529@medconnect.local,0710000529,70,pat529,9,"2026-10-01 08:40:07"
1055,"Valentina Rossi",pat629@medconnect.local,0710000629,64,pat629,10,"2026-10-01 08:40:07"
1056,"Ben Carter",pat729@medconnect.local,0710000729,58,pat729,11,"2026-10-01 08:40:07"
1057,"Farhan Ahmed",pat829@medconnect.local,0710000829,52,pat829,12,"2026-10-01 08:40:07"
1058,"Julia Brown",pat929@medconnect.local,0710000929,46,pat929,13,"2026-10-01 08:40:07"
1059,"Yasmin Ali",pat1039@medconnect.local,0710001039,50,pat1039,14,"2026-10-01 08:40:07"
1060,"Leah Davis",pat139@medconnect.local,0710000139,51,pat139,15,"2026-10-01 08:40:07"
1061,"Pooja Menon",pat239@medconnect.local,0710000239,45,pat239,16,"2026-10-01 08:40:07"
1062,"Tara Williams",pat339@medconnect.local,0710000339,39,pat339,17,"2026-10-01 08:40:07"
1063,"Yasmin Ali",pat439@medconnect.local,0710000439,33,pat439,18,"2026-10-01 08:40:07"
1064,"Daniel Wilson",pat539@medconnect.local,0710000539,27,pat539,19,"2026-10-01 08:40:07"
1065,"Harper Smith",pat639@medconnect.local,0710000639,21,pat639,20,"2026-10-01 08:40:07"
1066,"Leah Davis",pat739@medconnect.local,0710000739,68,pat739,21,"2026-10-01 08:40:07"
1067,"Pooja Menon",pat839@medconnect.local,0710000839,62,pat839,22,"2026-10-01 08:40:07"
1068,"Tara Williams",pat939@medconnect.local,0710000939,56,pat939,23,"2026-10-01 08:40:07"
1069,"Julia Brown",pat1049@medconnect.local,0710001049,60,pat1049,24,"2026-10-01 08:40:07"
1070,"Valentina Rossi",pat149@medconnect.local,0710000149,61,pat149,25,"2026-10-01 08:40:07"
1071,"Ben Carter",pat249@medconnect.local,0710000249,55,pat249,26,"2026-10-01 08:40:07"
1072,"Farhan Ahmed",pat349@medconnect.local,0710000349,49,pat349,27,"2026-10-01 08:40:07"
1073,"Julia Brown",pat449@medconnect.local,0710000449,43,pat449,28,"2026-10-01 08:40:07"
1074,"Nisha Patel",pat549@medconnect.local,0710000549,37,pat549,29,"2026-10-01 08:40:07"
1075,"Riya Desai",pat649@medconnect.local,0710000649,31,pat649,30,"2026-10-01 08:40:07"
1076,"Valentina Rossi",pat749@medconnect.local,0710000749,25,pat749,31,"2026-10-01 08:40:07"
1077,"Ben Carter",pat849@medconnect.local,0710000849,19,pat849,32,"2026-10-01 08:40:07"
1078,"Farhan Ahmed",pat949@medconnect.local,0710000949,66,pat949,33,"2026-10-01 08:40:07"
1079,"Tara Williams",pat1059@medconnect.local,0710001059,70,pat1059,34,"2026-10-01 08:40:07"
1080,"Harper Smith",pat159@medconnect.local,0710000159,18,pat159,35,"2026-10-01 08:40:07"
1081,"Leah Davis",pat259@medconnect.local,0710000259,65,pat259,36,"2026-10-01 08:40:07"
1082,"Pooja Menon",pat359@medconnect.local,0710000359,59,pat359,37,"2026-10-01 08:40:07"
1083,"Tara Williams",pat459@medconnect.local,0710000459,53,pat459,38,"2026-10-01 08:40:07"
1084,"Yasmin Ali",pat559@medconnect.local,0710000559,47,pat559,39,"2026-10-01 08:40:07"
1085,"Daniel Wilson",pat659@medconnect.local,0710000659,41,pat659,40,"2026-10-01 08:40:07"
1086,"Harper Smith",pat759@medconnect.local,0710000759,35,pat759,41,"2026-10-01 08:40:07"
1087,"Leah Davis",pat859@medconnect.local,0710000859,29,pat859,42,"2026-10-01 08:40:07"
1088,"Pooja Menon",pat959@medconnect.local,0710000959,23,pat959,43,"2026-10-01 08:40:07"
1089,"Farhan Ahmed",pat1069@medconnect.local,0710001069,27,pat1069,44,"2026-10-01 08:40:07"
1090,"Riya Desai",pat169@medconnect.local,0710000169,28,pat169,45,"2026-10-01 08:40:07"
1091,"Valentina Rossi",pat269@medconnect.local,0710000269,22,pat269,46,"2026-10-01 08:40:07"
1092,"Ben Carter",pat369@medconnect.local,0710000369,69,pat369,47,"2026-10-01 08:40:07"
1093,"Farhan Ahmed",pat469@medconnect.local,0710000469,63,pat469,48,"2026-10-01 08:40:07"
1094,"Julia Brown",pat569@medconnect.local,0710000569,57,pat569,49,"2026-10-01 08:40:07"
1095,"Nisha Patel",pat669@medconnect.local,0710000669,51,pat669,50,"2026-10-01 08:40:07"
1096,"Riya Desai",pat769@medconnect.local,0710000769,45,pat769,51,"2026-10-01 08:40:07"
1097,"Valentina Rossi",pat869@medconnect.local,0710000869,39,pat869,52,"2026-10-01 08:40:07"
1098,"Ben Carter",pat969@medconnect.local,0710000969,33,pat969,53,"2026-10-01 08:40:07"
1099,"Pooja Menon",pat1079@medconnect.local,0710001079,37,pat1079,54,"2026-10-01 08:40:07"
1100,"Daniel Wilson",pat179@medconnect.local,0710000179,38,pat179,55,"2026-10-01 08:40:07"
1101,"Harper Smith",pat279@medconnect.local,0710000279,32,pat279,56,"2026-10-01 08:40:07"
1102,"Leah Davis",pat379@medconnect.local,0710000379,26,pat379,57,"2026-10-01 08:40:07"
1103,"Pooja Menon",pat479@medconnect.local,0710000479,20,pat479,58,"2026-10-01 08:40:07"
1104,"Tara Williams",pat579@medconnect.local,0710000579,67,pat579,59,"2026-10-01 08:40:07"
1105,"Yasmin Ali",pat679@medconnect.local,0710000679,61,pat679,60,"2026-10-01 08:40:07"
1106,"Daniel Wilson",pat779@medconnect.local,0710000779,55,pat779,61,"2026-10-01 08:40:07"
1107,"Harper Smith",pat879@medconnect.local,0710000879,49,pat879,62,"2026-10-01 08:40:07"
1108,"Leah Davis",pat979@medconnect.local,0710000979,43,pat979,63,"2026-10-01 08:40:07"
1109,"Ben Carter",pat1089@medconnect.local,0710001089,47,pat1089,64,"2026-10-01 08:40:07"
1110,"Nisha Patel",pat189@medconnect.local,0710000189,48,pat189,65,"2026-10-01 08:40:07"
1111,"Riya Desai",pat289@medconnect.local,0710000289,42,pat289,66,"2026-10-01 08:40:07"
1112,"Valentina Rossi",pat389@medconnect.local,0710000389,36,pat389,67,"2026-10-01 08:40:07"
1113,"Ben Carter",pat489@medconnect.local,0710000489,30,pat489,68,"2026-10-01 08:40:07"
1114,"Farhan Ahmed",pat589@medconnect.local,0710000589,24,pat589,69,"2026-10-01 08:40:07"
1115,"Julia Brown",pat689@medconnect.local,0710000689,18,pat689,70,"2026-10-01 08:40:07"
1116,"Nisha Patel",pat789@medconnect.local,0710000789,65,pat789,71,"2026-10-01 08:40:07"
1117,"Riya Desai",pat889@medconnect.local,0710000889,59,pat889,72,"2026-10-01 08:40:07"
1118,"Valentina Rossi",pat989@medconnect.local,0710000989,53,pat989,73,"2026-10-01 08:40:07"
1119,"Leah Davis",pat1099@medconnect.local,0710001099,57,pat1099,74,"2026-10-01 08:40:07"
1120,"Yasmin Ali",pat199@medconnect.local,0710000199,58,pat199,75,"2026-10-01 08:40:07"
1121,"Daniel Wilson",pat299@medconnect.local,0710000299,52,pat299,76,"2026-10-01 08:40:07"
1122,"Harper Smith",pat399@medconnect.local,0710000399,46,pat399,77,"2026-10-01 08:40:07"
1123,"Leah Davis",pat499@medconnect.local,0710000499,40,pat499,78,"2026-10-01 08:40:07"
1124,"Pooja Menon",pat599@medconnect.local,0710000599,34,pat599,79,"2026-10-01 08:40:07"
1125,"Tara Williams",pat699@medconnect.local,0710000699,28,pat699,80,"2026-10-01 08:40:07"
1126,"Yasmin Ali",pat799@medconnect.local,0710000799,22,pat799,81,"2026-10-01 08:40:07"
1127,"Daniel Wilson",pat899@medconnect.local,0710000899,69,pat899,82,"2026-10-01 08:40:07"
1128,"Harper Smith",pat999@medconnect.local,0710000999,63,pat999,83,"2026-10-01 08:40:07"
